Smiles,y,probs
CCC1(CC)C(=O)NC(=O)N(C)C1=O,0,0.18302043
O=P1(N(CCCl)CCCl)NCCCO1,1,0.2670933
CC(C)[N+](C)(CCOC(=O)C1c2ccccc2Oc2ccccc21)C(C)C,0,0.2295087
O=C1CCC(N2C(=O)c3ccccc3C2=O)C(=O)N1,0,0.2736238
S=c1[nH]cnc2[nH]cnc12,1,0.17580955
O=C(O)c1cccc(Cl)c1Cl,0,0.24069141
CN(C)CCC=C1c2ccccc2CCc2ccccc21,1,0.24462423
O=C(O)c1ccc(Cl)cc1Cl,0,0.2567354
O=C(O)Cc1cc(I)c(Oc2ccc(O)c(I)c2)c(I)c1,1,0.46940652
O=[N+]([O-])c1ccc(O)c([N+](=O)[O-])c1,1,0.31835747
CC(C)NCC(O)c1ccc(O)c(O)c1,0,0.20106968
CN1C2CC(OC(=O)C(CO)c3ccccc3)CC1C1OC12,0,0.20236035
O=C(O)c1cc(Cl)cc(Cl)c1,0,0.1978162
NCCc1cnc[nH]1,0,0.177406
NC(Cc1ccc(F)cc1)C(=O)O,0,0.24296312
C[N+](C)(C)C,0,0.14845738
C#CC1(OC(C)=O)CCC2C3CCC4=CC(=O)CCC4C3CCC21C,1,0.8191082
CC(=O)OCC(=O)C1(O)CCC2C3CCC4=CC(=O)C=CC4(C)C3C(O)CC21C,1,0.30624676
CC12C=CC(=O)C=C1CCC1C2C(=O)CC2(C)C1CCC2(O)C(=O)CO,1,0.25378865
Clc1ccc(C(c2ccccc2Cl)C(Cl)Cl)cc1,1,0.29221827
CC12CCC3C(CC=C4CC(O)CCC43C)C1CCC2=O,1,0.3617091
CN(C)CCCN1c2ccccc2Sc2ccccc21,0,0.26346797
CC12CCCC1C1CCc3cc(O)ccc3C1CC2,1,0.8909265
NC(Cc1c[nH]c2ccccc12)C(=O)O,0,0.1949442
O=C(O)c1ccccc1O,1,0.28685242
Nc1nc(N)c2nc(CNc3ccc(C(=O)NC(CCC(=O)O)C(=O)O)cc3)cnc2n1,0,0.30897576
O=C(O)c1cccnc1,0,0.21215855
Nc1ccncc1N,0,0.24577865
CN=C(NC)NCc1ccccc1,0,0.3054654
Cc1cccc(N=Nc2ccc(N(C)C)cc2)c1,1,0.3615793
CC(C)OP(=O)(F)OC(C)C,0,0.15028796
CC1=NC(=S)NC(=O)C1,0,0.20120028
c1ccc2cc3c(ccc4ccccc43)cc2c1,1,0.41865456
C=CCN1CCC23c4c5ccc(O)c4OC2C(O)C=CC3C1C5,0,0.31662294
O=C1NC(=O)C(c2ccccc2)(c2ccccc2)N1,0,0.26662984
CCCC(C)(COC(N)=O)COC(N)=O,0,0.15298113
C#CC1(O)CCC2C3CCc4cc(O)ccc4C3CCC21C,1,0.91560566
N=C(N)NS(=O)(=O)c1ccc(N)cc1,0,0.21999103
CNC1C(OC2C(OC3C(O)C(O)C(NC(=N)N)C(O)C3NC(=N)N)OC(C)C2(O)C=O)OC(CO)C(O)C1O,0,0.30401787
COc1cc2c3cc1Oc1cc(ccc1O)CC1c4c(cc(OC)c(O)c4Oc4ccc(cc4)CC3N(C)CC2)CC[N+]1(C)C,0,0.4384885
Cn1c(=O)c2[nH]cnc2n(C)c1=O,1,0.11377601
O=C(O)CCCCC1SCC2NC(=O)NC21,0,0.16611497
CC(=O)Oc1c(C)c(C)c2c(c1C)CCC(C)(CCCC(C)CCCC(C)CCCC(C)C)O2,0,0.19513665
Cc1c(C)c2c(c(C)c1O)CCC(C)(CCCC(C)CCCC(C)CCCC(C)C)O2,0,0.23977092
CCN(CC)C(=O)c1cccnc1,1,0.20892929
COc1ccc(CN(CCN(C)C)c2ccccn2)cc1,0,0.25590298
CSCCC(N)C(=O)O,0,0.14724737
CC(COc1ccccc1)N(CCCl)Cc1ccccc1,1,0.48325622
CN(C)c1ccc(N=Nc2ccccc2)cc1,1,0.35054922
OCCc1ccccc1,0,0.2542472
NCCCCCC(=O)O,0,0.1526514
CNC1(C)C2CCC(C2)C1(C)C,0,0.18183999
CC(=O)c1ccc2c(c1)N(CCCN(C)C)c1ccccc1S2,0,0.2872192
CC1(C)SC2C(NC(=O)Cc3ccccc3)C(=O)N2C1C(=O)O,0,0.22153291
CCOc1ccc(NC(C)=O)cc1,0,0.21542318
NC(N)=S,1,0.21038093
O=C(O)C(=O)O,1,0.1526514
CC12CCC3C4CCC(=O)C=C4CCC3C1CCC2OC(=O)CCc1ccccc1,1,0.80913895
NC(=O)c1ccccc1O,0,0.27024308
O=C(O)c1ccccc1,1,0.22361054
CCCCCC=O,0,0.14845738
Cc1ncc(CO)c(C=O)c1O,0,0.22418782
CC(=C(CCO)SSC(CCO)=C(C)N(C=O)Cc1cnc(C)nc1N)N(C=O)Cc1cnc(C)nc1N,0,0.23553798
CC(=O)NN=Cc1ccc([N+](=O)[O-])o1,0,0.24478158
CO,0,0.14845738
ClC(Cl)(Cl)C(Cl)(Cl)Cl,0,0.17963359
CC1CCC(O)CC1=CC=C1CCCC2(C)C1CCC2C(C)C=CC(C)C(C)C,0,0.55153847
C=C1CCC(O)CC1=CC=C1CCCC2(C)C1CCC2C(C)CCCC(C)C,1,0.6351383
CCc1oc2ccccc2c1C(=O)c1cc(I)c(O)c(I)c1,1,0.56424093
CC1(C)SC2C(NC(=O)C(N)c3ccccc3)C(=O)N2C1C(=O)O,0,0.22310892
O=C1N=C2NC(=O)NC2C(=O)N1,0,0.16783603
CCCCO,1,0.14845738
CC(O)C(N)C(=O)O,0,0.14615047
O=C1c2ccccc2C(=O)c2c1ccc(O)c2O,1,0.49464142
CC12C=CC(=O)C=C1CCC1C2CCC2(C)C1CCC2(C)O,1,0.6960772
BrCBr,0,0.16167639
ClCBr,1,0.20750484
CC#N,0,0.14845738
CC(C)S,0,0.14845738
CN(C)C,0,0.14845738
C[Si](C)(C)C,0,0.14735304
C[Si](C)(C)Cl,0,0.16461198
COS(=O)(=O)O,0,0.14845738
CC(C)(C)C(=O)O,0,0.15174082
FC(Cl)(Cl)C(F)(Cl)Cl,0,0.19105579
CCOc1ccc2c3c1OC1C(O)C=CC4C(C2)N(C)CCC341,0,0.23340808
CCC1(CC)C(=O)CC=NC1=O,0,0.20860343
C=C1CC23CC1(O)CCC2C12C=CC(O)C(C)(C(=O)O1)C2C3C(=O)O,0,0.40994033
CCN(CC)CCOC(=O)C1(C2CCCCC2)CCCCC1,0,0.16590968
CCN(CC)CCOC(=O)C1(c2ccccc2)CCCC1,0,0.2390077
C=CCC1(C(C)CCC)C(=O)N=C(S)NC1=O,0,0.1817138
OC(CCN1CCCC1)(c1ccccc1)C1CCCCC1,0,0.27242073
CC1CCC2(NC1)OC1CC3C4CCC5CC(O)CCC5(C)C4CCC3(C)C1C2C,0,0.5687931
CCC1(C)CC(=O)NC1=O,0,0.19023882
CCOC(=O)C1OC1(C)c1ccccc1,0,0.24135073
C=C[Si](OCC)(OCC)OCC,0,0.14735304
CCOP(=O)(OCC)OCC,0,0.1682487
CCCCC(CC)COP(=O)(OCC(CC)CCCC)OCC(CC)CCCC,0,0.18399842
CC1=CC(=O)CC(C)(C)C1,1,0.2214408
CC(C)(C)OOC(C)(C)CCC(C)(C)OOC(C)(C)C,0,0.15298113
CCC(C)(O)CCCC(C)C,1,0.15298113
O=C(O)CCl,0,0.19652134
CNC(C)=O,0,0.14574033
CN(C)C(=O)Cl,0,0.16299826
CN(C)C(=S)S,1,0.3360143
CC(C)(c1cc(Cl)c(O)c(Cl)c1)c1cc(Cl)c(O)c(Cl)c1,1,0.36742997
CC(C)(c1ccc(O)cc1)c1ccc(O)cc1,1,0.85626453
O=C(O)c1ccc(S(=O)(=O)N(Cl)Cl)cc1,0,0.23902947
Nc1ccc(S(=O)(=O)Nc2ccc(Cl)nn2)cc1,0,0.22918601
O=S(=O)(Oc1ccc(Cl)cc1)c1ccc(Cl)cc1,0,0.2700715
O=S(=O)(Oc1ccc(Cl)cc1)c1ccccc1,0,0.31009126
O=C(O)c1cc(O)c2c(c1)C(C1c3cc(C(=O)O)cc(O)c3C(=O)c3c(OC4OC(CO)C(O)C(O)C4O)cccc31)c1cccc(OC3OC(CO)C(O)C(O)C3O)c1C2=O,0,0.49172798
O=C1c2ccccc2C(=O)c2c(O)c(O)cc(O)c21,0,0.4713872
O=C1c2ccccc2C(=O)c2c(O)ccc(O)c21,0,0.3613058
CN1CCN(C(c2ccccc2)c2ccccc2)CC1,0,0.2359462
CCN1CCCC(OC(=O)C(c2ccccc2)c2ccccc2)C1,0,0.2779427
CC(C)(C)C(=O)C1C(=O)c2ccccc2C1=O,1,0.26795337
O=Cc1c(Cl)cccc1Cl,0,0.2559022
Oc1c(I)cc(I)c2cccnc12,1,0.35932106
C=CC1CN2CCC1CC2C(OC(=O)OCC)c1ccnc2ccc(OC)cc12,1,0.24207325
Cc1cc2nc3c(=O)[nH]c(=O)nc-3n(CC(O)C(O)C(O)CO)c2cc1C,1,0.14393222
O=C1c2ccccc2C(=O)c2cc(S(=O)(=O)O)ccc21,0,0.4881399
O=C1c2ccc(O)cc2C(=O)c2ccc(O)cc21,1,0.7878205
CC(C)(COP(=O)(O)OP(=O)(O)OCC1OC(n2cnc3c(N)ncnc32)C(O)C1OP(=O)(O)O)C(O)C(=O)NCCC(=O)NCCS,1,0.19824116
CCCCOC(=O)c1ccccc1C(=O)OCc1ccccc1,1,0.22484033
CCCCOc1cc(C(=O)NCCN(CC)CC)c2ccccc2n1,0,0.3029506
CN1C2CCC1CC(OC(c1ccccc1)c1ccccc1)C2,0,0.23283373
CN(C)CCC(c1ccc(Br)cc1)c1ccccn1,0,0.21204327
CCCOc1cc(N)ccc1C(=O)OCCN(CC)CC,0,0.18078727
O=[N+]([O-])c1cccc2ccccc12,1,0.2379526
c1ccc2c(c1)[nH]c1ccccc12,0,0.2542472
O=C(Oc1cccc2cccnc12)c1ccccc1,0,0.25431368
CCCCc1cc2ccccc2c(OCCN(C)C)n1,0,0.3402635
CC(C)(C)c1ccc(OC(=O)c2ccccc2O)cc1,1,0.43405443
CCOC(=O)c1ccccc1C,0,0.24734865
C=C1CCC=C(C)CCC2C1CC2(C)C,0,0.43675554
Oc1c(Cl)cccc1Cl,0,0.35437608
Cc1ccccc1S(N)(=O)=O,0,0.2500634
Cc1ccc(N)c(S(=O)(=O)O)c1,0,0.23060489
Cc1ccc(C(C)(C)C)c(O)c1,0,0.39797977
Cc1ccc(S(=O)(=O)O)c(C)c1,0,0.22805862
O=[N+]([O-])c1ccc(S(=O)(=O)O)c([N+](=O)[O-])c1,0,0.26389414
CC1=NN(c2ccc(S(=O)(=O)O)cc2)C(=O)C1,0,0.24904385
Cc1ccc(N)c([N+](=O)[O-])c1,1,0.24489897
O=[N+]([O-])c1cc(Cl)c(Cl)cc1Cl,0,0.3326983
OCc1ccccc1O,0,0.30716205
COc1ccccc1O,0,0.28544652
Clc1cccc2ccccc12,1,0.34836054
CC(=O)OC(c1ccccc1)C(Cl)(Cl)Cl,0,0.2530823
CCC(C)C(C(=O)OCC[N+](C)(CC)CC)c1ccccc1,0,0.21969996
CCC(C(=O)NC(N)=O)c1ccccc1,0,0.21600981
Nc1ccc2cc(S(=O)(=O)O)cc(O)c2c1,0,0.25333127
CCN(CC)C(C)C(=O)c1ccccc1,0,0.21969996
COc1ccccc1OC,0,0.23500364
c1ccc2ccccc2c1,0,0.32213715
c1ccc2ncccc2c1,1,0.31667382
O=Cc1ccccc1S(=O)(=O)O,0,0.23808028
NS(=O)(=O)c1cc2c(cc1Cl)N=C(CSCc1ccccc1)NS2(=O)=O,0,0.29109523
CCN(CC)c1ccc2c(C)cc(=O)oc2c1,1,0.29444847
Cc1ccc2ccccc2c1,1,0.3631937
Cc1cc2nc3ccc(N(C)C)cc3[s+]c2cc1N,0,0.40244704
Cc1ccc2oc(=O)ccc2c1,0,0.24699232
Brc1ccc(-c2ccccc2)cc1,0,0.33253956
Oc1ccc(-c2ccccc2)cc1,1,0.82423466
Oc1ccc(-c2ccc(O)cc2)cc1,1,0.83901894
CCN(CC)c1ccc(N)cc1,1,0.29774433
CC(=O)c1ccc2ccccc2c1,0,0.43407243
COc1ccccc1OCC(O)CO,0,0.23500364
COc1ccc(C=NNC(=O)c2ccncc2)cc1OC,0,0.20066476
CCC(=O)c1ccccc1,0,0.21770863
OCC(O)c1ccccc1,0,0.2542472
Cc1ccccc1NC(=N)NC(=N)N,0,0.23249473
CNCC(O)c1ccc(O)cc1,0,0.1872655
CCOc1ccc(C(=O)OCCN(CC)CC)cc1,0,0.19925508
CCCCNc1ccc(C(=O)OCCN(C)C)cc1,0,0.17845993
CCCCOC(=O)c1ccc(O)cc1,1,0.67809063
CCCCC(CC)C(=O)OCCOCCOCCOC(=O)C(CC)CCCC,0,0.16459997
CC(C)CCOC(=O)c1ccccc1,0,0.21969996
CCOc1ccccc1N,0,0.20105492
CCOc1ccccc1O,0,0.28544652
O=C(O)CCCOc1ccc(Cl)cc1Cl,0,0.25621015
CC(CN=Cc1ccccc1O)N=Cc1ccccc1O,0,0.21667668
C=C(Cl)CSC(=S)N(CC)CC,0,0.266138
C1=Cc2ccccc2C1,1,0.25832188
O=c1[nH]c2cc(Cl)ccc2o1,0,0.27380863
Cc1ccccc1Cl,0,0.25960746
Cc1cc(O)ccc1O,1,0.4958555
Cc1ccc(O)c(N)c1,0,0.2858981
Nc1ccc(O)c(N)c1,0,0.3069437
CC1OC(=O)C(C)OC1=O,1,0.15535241
CC1OC1C1CCC2(C)OC2C1,0,0.36797485
CCC(C)N=O,0,0.14845738
CC1CCCC1,0,0.16240577
CC1C=CC=C1,0,0.16120099
CC1CCCO1,0,0.14845738
O=C1CCCO1,0,0.16906345
O=[N+]([O-])c1cccc(S(=O)(=O)NCCNS(=O)(=O)c2cccc([N+](=O)[O-])c2)c1,0,0.25370392
CC(C)N(CCO)C(C)C,0,0.11013112
CCC(Cc1c(I)cc(I)c(N)c1I)C(=O)O,1,0.17653234
Cc1cccc(C)c1NC(=O)C1CCCCN1C,0,0.20542583
C=C(C)C(=O)OCC,0,0.18038477
CCOC(=O)C(C)O,0,0.14845738
CC(C)C(=O)OC(=O)C(C)C,0,0.14845738
OCc1ccco1,1,0.24740666
CC(C)(C)c1ccccc1,0,0.24782932
O=S(=O)(Cl)c1ccccc1,0,0.26113302
O=S(=O)(O)c1ccccc1,0,0.23808028
Nc1cc(S(=O)(=O)O)ccc1S(=O)(=O)O,0,0.24631526
O=[N+]([O-])c1cccc(S(=O)(=O)O)c1,0,0.2578263
O=S(=O)(O)c1ccc(Cl)cc1,0,0.25417036
CCc1ccc(S(=O)(=O)O)cc1,1,0.27631447
NC(=O)c1cccnc1,0,0.15936212
O=C(O)c1cccc(O)c1,0,0.3103525
OCC1OC(OC2OC(CO)C(O)C(O)C2O)C(O)C(O)C1O,0,0.16753191
O=C(O)c1ccc(O)c(O)c1,0,0.2961187
O=[N+]([O-])c1ccc(Cl)c(Cl)c1,0,0.2798835
COc1ccc([N+](=O)[O-])cc1N,0,0.238987
O=Cc1cccc([N+](=O)[O-])c1,0,0.2578263
CC(C)c1cccc(C(C)C)c1,0,0.2437626
COC(=O)c1ccc(C)cc1,0,0.2282535
CCOC(=O)c1ccc([N+](=O)[O-])cc1,0,0.22452015
O=[N+]([O-])c1ccc(O)cc1,0,0.7448641
O=[N+]([O-])c1ccc(CBr)cc1,0,0.24258256
CC(=O)c1ccc([N+](=O)[O-])cc1,0,0.22014588
O=C(Cl)c1ccc(C(=O)Cl)cc1,0,0.25029558
CCOc1ccc([N+](=O)[O-])cc1,1,0.22973321
CCN(CC)CCCl,0,0.19139428
BrCc1ccccc1,0,0.2542472
N#Cc1ccncc1,0,0.24577865
CCN1CCOCC1,0,0.14724152
CCN(Cc1cccc(S(=O)(=O)O)c1)c1ccccc1,0,0.27400258
Oc1cccc(Nc2ccccc2)c1,1,0.47005725
COC(Cc1ccccc1)OC,0,0.2370062
CN(C)c1ccc(Cc2ccc(N(C)C)cc2)cc1,0,0.31950712
C1CCC(NC2CCCCC2)CC1,1,0.1587625
CCC(C)Nc1ccc(NC(C)CC)cc1,1,0.32064348
CN(Cc1ccccc1)Cc1ccccc1,0,0.23500364
O=C(Cc1ccccc1)OCCc1ccccc1,0,0.20169981
OCCOc1cccc(OCCO)c1,0,0.34257275
CC(O)CN(CCN(CC(C)O)CC(C)O)CC(C)O,0,0.14845738
C=CCN(CC=C)CC=C,0,0.16167639
CC(=O)OCC(COC(C)=O)OC(C)=O,1,0.14845738
CCCCCCCCCCCCN(CCCCCCCCCCCC)CCCCCCCCCCCC,0,0.23937796
O=C(O)CNc1ccccc1,0,0.33820897
NC(=O)NNc1ccccc1,0,0.24716619
Oc1ccc(OCc2ccccc2)cc1,1,0.5300712
c1ccc(CCc2ccccc2)cc1,0,0.2542472
C(=Cc1ccncc1)c1ccccc1,1,0.25394392
CC(C)C(=O)OCCc1ccccc1,0,0.21969996
c1ccc(CNCc2ccccc2)cc1,0,0.25016278
CCCc1ccccc1,0,0.24498658
OCCc1ccccn1,0,0.24547806
OCCN1CCNCC1,0,0.20557244
O=C(O)Cc1ccccc1,0,0.22361054
CN(C)Cc1ccccc1,0,0.23500364
OCC(O)COc1ccc(Cl)cc1,0,0.2875907
OCCOc1ccc(OCCO)cc1,0,0.56407684
CCCCCCCCCc1ccc(O)cc1,1,0.81240696
CC=Cc1ccc(OC)cc1,0,0.24476822
O=CCCc1ccccc1,0,0.23808028
O=Nc1ccc(O)cc1,0,0.7621541
CCOC(=O)CC#N,0,0.12355122
CC(C)=CCCC(C)CCOC=O,0,0.14227425
O=C1CCCCCCCCCCCCCCO1,0,0.19607995
CC(C)=CCCC(C)=CCO,1,0.14322336
CCCC(=O)OCCC(C)C,0,0.17681864
CCCC(=O)OC(=O)CCC,0,0.12355122
Cc1ccc(C)cc1,0,0.22909373
Oc1ccc(Cl)cc1,0,0.7417841
O=C1C=CC(=O)C=C1,0,0.17960149
C=CC(=O)OCC(C)C,0,0.30226168
C=CC(=O)OCCC#N,0,0.3204863
ClCCCl,0,0.20750484
C#CCO,0,0.17058972
O=CCCl,0,0.20750484
O=CC=O,1,0.16167639
COC=O,0,0.14845738
C[N+](C)(C)CC(=O)O,0,0.15124312
C[Si](C)(C)O[Si](C)(C)C,0,0.14788523
CCOP(=O)(OCC)OP(=O)(OCC)OCC,0,0.18424232
O=S(=O)(O)CC(O)CCl,0,0.20750484
COC(C)(C)CC(C)=O,0,0.15298113
CCC[N+](=O)[O-],0,0.15017305
CC(=O)CC(C)C,0,0.14845738
CC(C)OC(=S)S,1,0.21234956
Cc1cccc(C)c1,1,0.2437626
Cc1cc(C)cc(C)c1,1,0.18489069
Oc1cc(O)cc(O)c1,0,0.29354402
CC(C)CC(O)CC(C)C,0,0.162113
Brc1ccccc1,0,0.2542472
Cc1ccccc1,1,0.23500364
O=C1CCCCC1,1,0.16906345
Sc1ccccc1,0,0.2542472
CC(C)OCCO,0,0.14845738
NNCCO,0,0.1587625
c1ccoc1,0,0.17532107
c1ccsc1,0,0.17718269
CC(C)(O)CCC(C)(C)O,0,0.15298113
CC(=O)CCC(C)=O,0,0.14845738
CCCCCBr,0,0.14845738
ClCC=CCCl,0,0.20750484
COCCOC,0,0.14845738
C1CNCCN1,1,0.16167639
C1CCNCC1,1,0.16167639
C1COCCN1,1,0.16167639
O=C(O)CCCC(=O)O,0,0.20555356
CC(O)COCC(C)O,0,0.14845738
CCCCCCCC(=O)OC,0,0.20120756
CCCCCC#CC(=O)OC,0,0.16454013
CCCCCCC(=O)O,0,0.20229599
O=C(O)CCSCCC(=O)O,0,0.1526514
O=C(O)CCCCCCCCC(=O)O,0,0.20916755
CCCCCCO,0,0.18142793
CC=CC=CCO,0,0.14845738
NCCNCCO,0,0.1587625
CC(=O)OCCOC(C)=O,0,0.14845738
CCCCCCCCCCCCCCCCCC(=O)OCCO,0,0.1603961
CCCCCCCCC=CCCCCCCCC(=O)OCC,0,0.18846142
CCCCCCCC(=O)Cl,0,0.21423295
C=CCCCCCC,0,0.18142793
CCCCCCC=CC(=O)OC,0,0.19035612
CCCCCCCCBr,0,0.23193517
CCCCCCCCS,0,0.26546568
CCCCCCCCCCCCCCCCCC[N+](C)(C)C,1,0.3211316
CCCCCCCOC(C)=O,1,0.13558649
CCCCCCCCCC(C)=O,0,0.25668097
CCCCCCCCCCOC(C)=O,0,0.16379
CCCCCCCCCCC=O,1,0.25668097
CCOCCOCCOCCO,0,0.14504932
CCCCOCCOCCSC#N,1,0.14504932
CCCCCC=CCC=CCCCCCCCC(=O)OC,1,0.19912322
CCCCCCCCCCCCCCCCN(C)C,0,0.2247636
CCCCCCCCCCCCCO,1,0.23937796
CCCCCCCCCCCCCCCCBr,0,0.23193517
CCCCCCCCC=CCCCCCCCCN,0,0.2691998
CCC(CO)NC(=O)C1C=C2c3cccc4[nH]cc(c34)CC2N(C)C1,0,0.34566927
O=C1OC(=O)C2C1C1(Cl)C(Cl)=C(Cl)C2(Cl)C1(Cl)Cl,0,0.28082424
O=C(O)C1C(C(=O)O)C2(Cl)C(Cl)=C(Cl)C1(Cl)C2(Cl)Cl,0,0.2639662
O=S1OCC2C(CO1)C1(Cl)C(Cl)=C(Cl)C2(Cl)C1(Cl)Cl,1,0.27407902
OC(c1ccc(Cl)cc1)(c1ccc(Cl)cc1)C(Cl)(Cl)Cl,1,0.36153984
COC1=CC=C2C3Cc4ccc(OC)c5c4C2(CCN3C)C1O5,0,0.40554604
CCC1(c2ccccc2)C(=O)NC(=O)N(C)C1=O,0,0.24762067
O=S1(=O)OC(c2cc(Br)c(O)c(Br)c2)(c2cc(Br)c(O)c(Br)c2)c2ccccc21,1,0.6996596
OCC(CO)(CO)CO,0,0.16110341
C=CC(C)(CCC=C(C)C)OC(C)=O,0,0.15903305
O=C(C(Cl)(Cl)Cl)C(Cl)(Cl)Cl,0,0.17963359
CC1=C(C=O)C(C)(C)CC=C1,0,0.2214408
CC(C=CC=C(C)C=CC1=C(C)CCCC1(C)C)=CC=O,1,0.20727229
Cc1c([N+](=O)[O-])cc2c(c1[N+](=O)[O-])C(C)(C)CC2(C)C,1,0.29041997
COc1ccc(C2C(=O)c3ccccc3C2=O)cc1,1,0.3022973
COCCOC(=O)c1ccccc1C(=O)OCCOC,0,0.21969996
C=CC1CN2CCC1CC2C(O)c1ccnc2ccccc12,0,0.28822407
O=C(O)C1=NN(c2ccc(S(=O)(=O)O)cc2)C(=O)C1,0,0.2518989
O=c1[nH]c2ccccc2c(=O)o1,0,0.23808028
CC1=NN(c2cccc(S(=O)(=O)O)c2)C(=O)C1,0,0.32706895
O=C(c1ccccc1)C(O)c1ccccc1,0,0.23808028
c1ccc2cnccc2c1,0,0.352496
OCCN(CCO)c1ccccc1,0,0.32870013
O=S(=O)(O)c1ccc2ccccc2c1,0,0.23415509
O=C(CC(=O)c1ccccc1)c1ccccc1,1,0.23808028
CC(C)COC(=O)c1ccccc1,0,0.23407528
CCCCCCCC[S+]([O-])C(C)Cc1ccc2c(c1)OCO2,1,0.3683935
O=C1NCCN1,0,0.16906345
Cc1ccc([N+](=O)[O-])cc1[N+](=O)[O-],0,0.238987
CC(=O)Nc1ccc(S(N)(=O)=O)cc1,0,0.1936556
CCCCCCCCCCCCc1ccc(S(=O)(=O)O)cc1,1,0.48770002
O=C(Cl)c1ccc([N+](=O)[O-])cc1,0,0.25807932
O=C(O)COc1ccccc1,0,0.22361054
O=C(C=Cc1ccccc1)OCCCc1ccccc1,1,0.27173352
CSc1ccc(Cl)cc1,0,0.33772886
CCC=O,0,0.14845738
CCC(=O)OC(=O)CC,0,0.11243767
CC(=O)OCCC(C)C,0,0.1278391
CCCCCCCCCCCCCCCC[N+](C)(C)CC,1,0.4257613
CCCCCCCCCCCCCC(=O)OC,0,0.2562571
OC[P+](CO)(CO)CO,0,0.16167639
CC(C)(N)CO,0,0.15465002
CC1(C)C2CCC1(C)C(O)C2,0,0.18960157
COc1ccc2c3c1OC1C(=O)CCC4C(C2)N(C)CCC314,0,0.2356581
CCCCC(CC)COS(=O)(=O)O,0,0.16023166
CC(=O)C=CC1C(C)=CCCC1(C)C,0,0.2397047
CCC(=O)C=CC1C(C)=CCCC1(C)C,0,0.2397047
CC(=O)C(C)=CC1C(C)=CCCC1(C)C,0,0.34347054
CC(=O)C1CCC2C3CCC4CC(O)CCC4(C)C3CCC12C,1,0.29126337
CN1CCC(=C2c3ccccc3C=Cc3ccccc32)CC1,0,0.2612766
CCN(CC)c1ccc(C(=C2C=CC(=[N+](CC)CC)C=C2)c2ccc(S(=O)(=O)O)cc2S(=O)(=O)O)cc1,1,0.45072854
CCCCC1C(=O)N(c2ccccc2)N(c2ccc(O)cc2)C1=O,0,0.6904951
CCC(=O)Oc1ccc(C(CC)=C(CC)c2ccc(OC(=O)CC)cc2)cc1,1,0.17758071
COC(=O)C1C2CC3c4[nH]c5ccccc5c4CCN3CC2CC(OC(=O)c2cc(OC)c(OC)c(OC)c2)C1OC,1,0.34076363
COC(=O)C1C(O)CCC2CN3CCc4c([nH]c5ccccc45)C3CC21,0,0.2708147
O=C1c2ccccc2C(=O)c2cc(Cl)ccc21,0,0.5879248
COc1ccc(C(=O)c2ccccc2O)c(O)c1,0,0.39945284
O=C(c1ccccc1)c1ccc(O)cc1O,1,0.6606766
Cc1cc(O)c(Cl)c(C)c1Cl,0,0.28225687
COC(=O)c1ccccc1N,0,0.21969996
O=C(C(=O)c1ccccc1)c1ccccc1,0,0.23808028
NS(=O)(=O)c1cc2c(cc1C(F)(F)F)NCNS2(=O)=O,0,0.24659231
O=C(Nc1cccc([N+](=O)[O-])c1)c1cc2ccccc2cc1O,1,0.623242
CCC(C)c1ccccc1,0,0.23500364
CCCCCCc1ccc(O)cc1O,1,0.6192293
CCCCCCCCCCCCCCCC(=O)OCC(O)C1OC(=O)C(=O)C1O,0,0.13333434
CCCCOC(=O)C(C)O,0,0.14845738
COC(=O)c1cc(C(=O)OC)cc(S(=O)(=O)O)c1,0,0.21889706
NS(=O)(=O)c1ccc(C(=O)O)cc1,0,0.2001521
CN(C)c1ccc(N=O)cc1,1,0.32367438
CCN(CCO)CCO,0,0.14845738
CCCCC(CC)CCC(CC(C)C)OS(=O)(=O)O,1,0.17474805
CCCCCCCCCCCCOS(=O)(=O)O,1,0.25668097
c1ccc(CNCCNCc2ccccc2)cc1,0,0.25016278
CCCCOc1ccc(OCCCN2CCOCC2)cc1,0,0.42277226
CCC(=O)OCCC(C)CCC=C(C)C,1,0.11243767
CCCCOCCOCCOC(=O)CCCCC(=O)OCCOCCOCCCC,0,0.18370746
CCCCCCC(O)CCCCCCCCCCC(=O)OC,0,0.24920177
CCCCCCC(O)CC=CCCCCCCCC(=O)OC,0,0.27323216
C=C(C)CCCC(C)CCO,0,0.1713098
ClCCCCl,0,0.18840425
CC(C)(O)C#CC(C)(C)O,0,0.15298113
CCCCCCCCC=CCCCCCCCC(=O)OCCCC,0,0.18274234
CCCCCCCCCCCCCCCC(=O)OC(C)C,0,0.28167716
CCCCOCCOCCOCCO,0,0.14504932
CC(C=CC=C(C)C=CC1=C(C)CC(O)CC1(C)C)=CC=CC=C(C)C=CC=C(C)C=CC1=C(C)CC(O)CC1(C)C,1,0.25057006
Cc1nnc(NS(=O)(=O)c2ccc(N)cc2)s1,0,0.24821186
Oc1ccc(Cl)c2c1CCC2,0,0.32290015
Cc1cc2nc3c(=O)[nH]c(=O)nc-3n(CC(O)C(O)C(O)COP(=O)(O)OP(=O)(O)OCC3OC(n4cnc5c(N)ncnc54)C(O)C3O)c2cc1C,1,0.18959716
CC1=CC(C)(C)Nc2ccccc21,0,0.34631002
NC(Cc1ccc(N(CCCl)CCCl)cc1)C(=O)O,1,0.35920218
Sc1nc2ccccc2s1,0,0.3954204
CCCC[N+]1(C)C2CC(OC(=O)C(CO)c3ccccc3)CC1C1OC12,0,0.20839083
COC(OC)OC,0,0.15319268
O=C(O)c1cc(O)c(O)c(O)c1,0,0.28477874
CCOc1ccc(NC(N)=O)cc1,1,0.21542318
COc1nccnc1NS(=O)(=O)c1ccc(N)cc1,0,0.21099433
CC12CCC(=O)C=C1CCC1C2CCC2(C)C1CCC2(O)C(=O)CO,0,0.32551232
Nc1ccc2c(c1)Cc1ccccc1-2,1,0.38587004
O=NN(CCCl)C(=O)NCCCl,0,0.20396598
NC1CC1c1ccccc1,0,0.2634855
O=Nc1ccc(Nc2ccccc2)cc1,1,0.38242057
ClC=CCl,0,0.1802583
c1ccc2cc3c4ccccc4c4ccccc4c3cc2c1,0,0.38761553
C1CCC2OC2C1,1,0.16167639
C1CCCC1,0,0.16167639
COP(=S)(OC)Oc1ccc([N+](=O)[O-])cc1,1,0.31201297
CCCCC(CC)COP(=O)(O)OCC(CC)CCCC,1,0.1812585
N#CS,0,0.16167639
CC[N+](C)(CC)CC,0,0.14845738
CC12CCC3c4ccc(O)cc4CCC3C1CCC2OC(=O)CCC1CCCC1,1,0.9379577
O=C1C(=O)C(O)C(=O)C(=O)C1O,0,0.16906345
Cc1c(Cl)c(=O)oc2cc(OP(=O)(OCCCl)OCCCl)ccc12,0,0.32517773
Nc1c2c(nc3ccccc13)CCCC2,0,0.39986622
CC(=O)OCc1ccc2c(c1)OCO2,0,0.237247
O=C(O)C(F)(F)C(F)(F)C(F)(F)C(F)(F)C(F)(F)C(F)(F)C(F)(F)C(F)(F)C(F)(F)F,1,0.20717418
COC(=O)C=C(C)OP(=O)(OC)OC,0,0.10435673
CC(=O)c1cccnc1,0,0.20914912
CCSCC,0,0.14845738
COc1ccc2c3c1OC1CC(O)C=CC31CCN(C)C2,0,0.4128269
CC(C)=CCN1CCC2(C)c3cc(O)ccc3CC1C2C,0,0.5266465
CC(N)CCCC(C)(C)O,0,0.15941545
CCCCCCC=CCCCCCCCC(=O)O,0,0.29847133
O=C(O)C(F)(F)C(F)(F)C(F)(F)C(F)(F)C(F)(F)C(F)(F)C(F)(F)C(F)(F)F,1,0.20717418
CCOC(=O)C(F)(F)F,0,0.16065337
CC(=O)C1(O)CCC2C3CC(C)C4=CC(=O)C=CC4(C)C3(F)C(O)CC21C,0,0.26808876
Cc1ncc([N+](=O)[O-])n1CCO,1,0.16996515
C[N+](C)(C)CC(O)CC(=O)O,0,0.14724737
N#CNC(=N)N,0,0.1597868
CC1OC(OC2C=C3CCC4C(CCC5(C)C(c6ccc(=O)oc6)CCC45O)C3(C)CC2)C(O)C(O)C1O,1,0.40368629
CCOP(=O)(OCC)OC(=CCl)c1ccc(Cl)cc1Cl,1,0.22399008
CC12CCC3C(=CCc4cc(O)ccc43)C1CCC2=O,1,0.63954455
C=C1C2CCC3C2C(C)(C)CCCC13C,0,0.46277654
CNC1CCc2cc(OC)c(OC)c(OC)c2-c2ccc(OC)c(=O)cc21,0,0.27419168
Cc1cc(C)c(C(=O)O)c(C)c1,0,0.17170255
O=C1C(C2Nc3ccc(S(=O)(=O)O)cc3C2=O)=Nc2ccc(S(=O)(=O)O)cc21,1,0.16990371
O=C1c2ccccc2C(=O)C1(O)O,0,0.3521253
O=c1c(-c2ccc(O)cc2)coc2cc(O)ccc12,1,0.8612571
COc1cc(OC)c2ccc(=O)oc2c1,0,0.20550908
O=C1CC(c2ccccc2)Oc2ccccc21,0,0.28417283
CCC=CCC1=C(C)CCC1=O,0,0.16370073
Cc1ccc(C(C)C)cc2c(C)ccc1-2,0,0.36594504
O=c1[nH]cnc2ccccc12,0,0.172448
CCCC(=O)c1ccccc1,0,0.21969996
O=C1NC2NC(=O)NC2N1,0,0.18093167
CC(C)C1=CC=CC(=O)C(=O)C1,1,0.18519746
O=C(O)CCc1ccccc1,0,0.22361054
O=C(Cl)OCc1ccccc1,0,0.26577535
CC(C)=CCCC(C)=CC=CC(C)=CC=CC(C)=CC=CC=C(C)C=CC=C(C)C=CC=C(C)CCC=C(C)C,1,0.14322336
O=C1CCCCCCCCCCCCCC1,0,0.16906345
O=C1CCCC(=O)C1,0,0.16906345
C1CSCCS1,0,0.16851313
CCCCCCCCCCCCCCCCC(=O)O,0,0.28053367
CC(=O)C(C)O,0,0.14845738
CC1(O)CCC2C3CCC4=CC(=O)CCC4C3CCC21C,1,0.9397995
O=C(O)C=CC(=O)Nc1ccc(S(=O)(=O)Nc2nccs2)cc1,0,0.19531724
Oc1c(Br)cc(Br)c2cccnc12,1,0.3038581
Cc1cc(N)c2ccccc2[n+]1CCCCCCCCCC[n+]1c(C)cc(N)c2ccccc21,1,0.38718528
Brc1c2ccccc2c(Br)c2ccccc12,1,0.2542472
Nc1ccc(S(=O)(=O)Nc2ccnn2-c2ccccc2)cc1,0,0.23252583
Cc1cc(C)c(C)c(C)c1,0,0.18681435
O=C(CCl)c1ccccc1,1,0.3039828
CN1CSC(=S)N(C)C1,0,0.21176034
O=C(CCl)CCl,1,0.20750484
COC(C)OC,0,0.14845738
Cc1cc([N+](=O)[O-])cc([N+](=O)[O-])c1O,1,0.32439667
O=C(O)c1cccc(Cl)c1,0,0.2541247
NCC(O)c1cccc(O)c1,0,0.24827187
COc1cccc(N)c1,1,0.24075761
CCCCCCCC(=O)OCC(COC(=O)CCCCCCC)OC(=O)CCCCCCC,0,0.1304274
O=C1C=CC(=O)N1,1,0.17960149
CCOC(=O)NC(O)C(Cl)(Cl)Cl,0,0.16708589
CC(=O)NO,1,0.14574033
CC1(C)SC2C(N)C(=O)N2C1C(=O)O,0,0.195705
Cc1cc(OI)c(C(C)C)cc1-c1cc(C(C)C)c(OI)cc1C,0,0.2182336
O=C(O)c1ccc2c(c1)C(=O)OC2=O,0,0.22976935
CC(C(O)c1ccccc1)N(C)C,0,0.23500364
O=C(Oc1ccccc1C(=O)O)c1ccccc1O,1,0.28685242
c1cc(-c2ccncc2)ccn1,0,0.3523776
ClCCN(CCCl)CCCl,0,0.20750484
N=C(N)N[N+](=O)[O-],0,0.16160855
CCCCC=CC=CC=O,0,0.2102137
COc1ccc(C(Cl)=C(c2ccc(OC)cc2)c2ccc(OC)cc2)cc1,1,0.38329917
Nc1c(N=Nc2ccc(-c3ccc(N=Nc4cc(S(=O)(=O)O)c5ccccc5c4N)cc3)cc2)cc(S(=O)(=O)O)c2ccccc12,0,0.33981946
CC(=O)OC(C(=O)c1ccccc1)c1ccccc1,0,0.21969996
OCC1OC(n2cnc3c(S)ncnc32)C(O)C1O,1,0.20146374
CCCCC(O)c1ccccc1,0,0.23500364
CCCCOC(=O)CC,0,0.13255003
C=CCCC=C,0,0.16167639
ClC(Cl)(Br)Br,0,0.17963359
ClSC(Cl)(Cl)Cl,0,0.19400072
COC(N)=O,0,0.14845738
O=C(O)c1cc(N=Nc2ccc(S(=O)(=O)Nc3ccccn3)cc2)ccc1O,0,0.23714544
CC[n+]1c(-c2ccccc2)c2cc(N)ccc2c2ccc(N)cc21,1,0.6050753
Cc1c([N+](=O)[O-])cccc1[N+](=O)[O-],0,0.21634848
O=[N+]([O-])c1cc([N+](=O)[O-])c2ccccc2c1,0,0.3460666
COC(=O)c1ccccc1OC,0,0.21969996
Cc1c(O)cccc1O,0,0.28017262
Cc1ccc([N+](=O)[O-])c([N+](=O)[O-])c1,0,0.24757297
ClCc1ccccc1Cl,0,0.31793267
CN(Cc1cc(Br)cc(Br)c1N)C1CCCCC1,0,0.2725469
Cc1ccc(Cl)c(O)c1,0,0.318615
CCN(CC)CC(=O)Nc1c(C)cc(C)cc1C,0,0.1718896
CCOC(=O)OCCC(SC(=O)OCC)=C(C)N(C=O)Cc1cnc(C)nc1N,0,0.29880938
CCN(C=O)CC,0,0.14845738
CC(C)(O)c1ccccc1,0,0.24782932
O=C(O)c1cc(C(=O)O)cc([N+](=O)[O-])c1,0,0.22668315
Nc1cc([N+](=O)[O-])ccc1C(=O)O,1,0.22938144
O=[N+]([O-])c1cccc(CCl)c1,0,0.30977502
O=Cc1ccc(C(=O)O)cc1,0,0.21735409
CCc1cccc(C)c1,1,0.25572821
Cc1cccc(C#N)c1,1,0.24171855
c1ccc(CN(Cc2ccccc2)Cc2ccccc2)cc1,1,0.2542472
CCOc1cccc(N)c1,0,0.24075761
c1ccc(SCCSc2ccccc2)cc1,1,0.25214452
CC(=O)OCc1ccco1,0,0.22424522
CC(=O)OCC(C)OC(C)=O,0,0.14845738
CCC(C)COC(C)=O,0,0.14845738
CN=C=O,0,0.14845738
Nc1cc(Cl)cc(Cl)c1,1,0.22245713
CC(C)CCCO,0,0.14845738
CCCCCCC#N,0,0.18142793
CCCSSCCC,0,0.14845738
C=CCCCCCCCCCCCCCC,0,0.23937796
CCCCCCCCCCCCCCCCC,1,0.23937796
CC1OC(OC2CC(O)C3(CO)C4C(O)CC5(C)C(C6=CC(=O)OC6)CCC5(O)C4CCC3(O)C2)C(O)C(O)C1O,1,0.6122148
O=C(O)c1c(Cl)c(Cl)c(Cl)c(Cl)c1-c1c2cc(I)c(=O)c(I)c-2oc2c(I)c(O)c(I)cc12,0,0.32561293
CC1C=NC(=S)NC1=O,0,0.21322748
CCOC(C)(C)C,0,0.15298113
CCCCC(=O)Cl,0,0.16299826
O=S(=O)(O)c1ccc2c(N=Nc3ccc(S(=O)(=O)O)c4ccccc34)c(O)c(S(=O)(=O)O)cc2c1,0,0.24297664
ClP(Cl)c1ccccc1,0,0.2782936
O=[N+]([O-])c1cccc(I)c1,0,0.29462057
CN(C)c1nc(N(C)C)nc(N(C)C)n1,0,0.15227814
OCCC(F)(F)C(F)(F)C(F)(F)C(F)(F)C(F)(F)C(F)(F)F,0,0.21859106
CC12CCC3C(CC=C4CC(OS(=O)(=O)O)CCC43C)C1CCC2=O,1,0.3617091
CN(C)C(=N)NC(=N)N,0,0.14669527
CC(N)(Cc1ccc(O)cc1)C(=O)O,0,0.508993
CC(C)(CCC(=O)O)C(=O)O,0,0.15174082
CN(N=O)C(N)=O,0,0.1511659
CCSCCCl,0,0.19424668
O=C(O)CCCCCCCCCCC(=O)O,0,0.20916755
Cc1cscn1,0,0.17525177
CCC1CCC(=O)O1,1,0.15535241
CC1(C)OC(=O)NC1=O,1,0.19023882
Cc1cc(C)c(C)c(O)c1,1,0.28455234
CCCC1CCCC(=O)O1,0,0.16756593
OCCSc1ccccc1,0,0.25214452
CCC(=O)Nc1ccc(Cl)c(Cl)c1,1,0.38422585
Cc1cc(NS(=O)(=O)c2ccc(N)cc2)no1,0,0.21936084
O=C(O)c1c2ccccc2cc2ccccc12,0,0.2915104
COP(=S)(OC)SCN1C(=O)c2ccccc2C1=O,0,0.45167074
CC(C)(C)c1cc(C(C)(C)C)c(O)c(C(C)(C)C)c1,0,0.43462998
CCC1(c2ccccc2)C(=O)NC(=O)N(C(=O)c2ccccc2)C1=O,0,0.25353038
COP(C)(=O)OC,0,0.15028796
C=CC(Cl)CCl,1,0.20750484
CCCCC(CC)C(=O)Cl,1,0.16299826
CCCCCCCCC(=O)Cl,0,0.2692974
C=COCCOCCOCCOC=C,0,0.14504932
CC(O)COc1ccccc1,0,0.26981828
CC(=O)c1ccc2c(c1)CCCC2,0,0.22363527
CC(=O)c1ccc2c(c1)Cc1ccccc1-2,1,0.33596376
Nc1ccc(NC(=O)c2ccc(N)cc2)cc1,0,0.22770874
BrCC=CCBr,0,0.16167639
Cc1c[nH]cn1,0,0.16956761
CC1(C)CC(=O)CC(C)(C)N1,0,0.20178582
Cc1cc(Cc2ccc(N)c(C)c2)ccc1N,0,0.2437626
C=CCCCCCCCC,0,0.23937796
CC1CC(=O)CC(C)(C)C1,0,0.2092913
CCCC[n+]1ccccc1,1,0.37859547
C1CCN(CN2CCCCC2)CC1,0,0.15532109
CCO[Si](CCC#N)(OCC)OCC,0,0.14735304
C=C(C)C(=O)OCC(C)O,0,0.14845738
CCCCN(CCCC)N=O,0,0.14845738
NCC(O)CC(=O)O,0,0.1526514
CC(C)OS(C)(=O)=O,1,0.13034964
NCCOS(=O)(=O)O,0,0.16167639
CC(Cl)=CCCl,0,0.26884845
O=C1C=CC(=O)N1c1ccccc1,1,0.2514062
CCOP(=S)(CC)Sc1ccccc1,0,0.37271252
CNC(=O)C(c1ccccc1)c1ccccc1,0,0.21600981
CCCNC(C)(C)COC(=O)c1ccccc1,0,0.09957208
CCOP(=O)(OCC)Oc1cc(C)nc(C(C)C)n1,0,0.21136868
CCC(C)c1cc([N+](=O)[O-])cc([N+](=O)[O-])c1OC(=O)OC(C)C,1,0.23275904
Cc1cc(-c2ccc(N=Nc3cc(S(=O)(=O)O)c4ccccc4c3N)c(C)c2)ccc1N=Nc1cc(S(=O)(=O)O)c2ccccc2c1N,1,0.28979346
C=CCOC(=O)C=CC(=O)OCC=C,0,0.1687215
CCCCCCCCCCCCCCC(=O)O,1,0.28053367
CC(=O)c1ccc(C(C)=O)cc1,1,0.20984149
C[Si]1(C)N[Si](C)(C)N[Si](C)(C)N1,0,0.14845738
C=CCn1c(=O)n(CC=C)c(=O)n(CC=C)c1=O,0,0.16906345
O=C1NCN(c2ccccc2)C12CCN(CC1COc3ccccc3O1)CC2,0,0.44430143
CCC[Si](OC)(OC)OC,0,0.15139194
C=CC(=O)OCCCCOC(=O)C=C,0,0.3553127
NNC(=O)CCCCC(=O)NN,0,0.1587625
Cc1cc(N)no1,0,0.18357374
CC(=O)c1ccc[nH]1,0,0.20984149
O=C(O)C1CCC(C(=O)O)CC1,0,0.1526514
CCOc1ccc(NC(=O)CC(C)O)cc1,0,0.21542318
CO[Si](C)(C)OC,0,0.14735304
CNC(=O)CSP(=O)(OC)OC,0,0.1475432
CC(C)(C)C(=O)CC(=O)C(C)(C)C,0,0.15298113
CCCCCCCCCCCCCC[N+](C)(C)C,1,0.3211316
O=S1(=O)CCCO1,0,0.16167639
Cc1nc(C)c(C)nc1C,0,0.15988171
CC1=CC(=O)CC(C)(C)C1=O,0,0.2624093
O=S(=O)(O)CCCN1CCOCC1,0,0.16165742
CCSC(=O)N(CC)C1CCCCC1,0,0.14845738
O=C(c1ccccc1)c1ccc(O)cc1,1,0.7427504
O=C1c2ccccc2C(=O)C1c1ccc(Br)cc1,0,0.27347046
O=C(O)CC(NC(=O)OCc1ccccc1)C(=O)O,0,0.22501646
COc1ccc2c(=O)c(C)c(-c3ccccc3)oc2c1CN(C)C,0,0.23398347
N#CC(=N)C(N)C#N,0,0.16271584
CC(=O)NC(CCC(=O)O)C(=O)O,0,0.14454871
CC(=O)OCC=C(C)C,0,0.14845738
CCC=CCC=CCC=CCCCCCCCC(=O)OCC,1,0.19842757
SCCCCCCCCS,0,0.23250584
N#Cc1c(Cl)cccc1Cl,0,0.27284607
NCCc1cc(O)c(O)cc1O,0,0.2651587
S=C(NC1CCCCC1)NC1CCCCC1,1,0.20680578
COc1cc(NS(=O)(=O)c2ccc(N)cc2)ncn1,0,0.36349946
CCN(CC)CCNC(=O)COc1ccc(OC)cc1,1,0.46417528
Cc1c(C(=O)O)c(O)cc2c1C(=O)c1c(O)c(C3OC(CO)C(O)C(O)C3O)c(O)c(O)c1C2=O,0,0.40737998
C=Cc1ccccc1C=C,0,0.2542472
CCCCCCC(O)CCOC(C)=O,0,0.12848626
CCCCCCCCCCCCCCCCCC(=O)OCC(C)O,0,0.1603961
CCCCCCCCCC(CC)c1ccc(S(=O)(=O)O)cc1,1,0.36983338
CCC1CCC(CCC(=O)O)C1,1,0.15980263
CC1C=CC=CC=CC=CC=CC=CC=CC(OC2OC(C)C(O)C(N)C2O)CC2OC(O)(CC(O)CC(O)C(O)CCC(O)CC(O)CC(=O)OC(C)C(C)C1O)CC(O)C2C(=O)O,0,0.30409923
CC(C)(C)c1cc([N+](=O)[O-])cc([N+](=O)[O-])c1O,1,0.40890223
CCCC(=O)c1cc(O)c(O)cc1O,0,0.27318978
S=C1N=CCC=N1,1,0.27302283
CC(C)(C)c1nnc(NS(=O)(=O)c2ccccc2)s1,0,0.2534268
CC(C)Cc1ccc(CC(=O)O)cc1,0,0.2102278
CCCCOCCOCCOCCOCCO,0,0.14504932
CC1(C)Cc2cccc(O)c2O1,0,0.32227632
Brc1c2ccccc2cc2ccccc12,1,0.38761553
CCOCC(C)O,0,0.14845738
SC1CCCCC1,0,0.16167639
CN(C)NC(=O)CCC(=O)O,1,0.14749263
CCC12CCCN3CCc4c(n(c5ccccc45)C(O)(C(=O)OC)C1)C32,0,0.27869383
CC(=CC1CCC(C)C2C1=C(C)CC2O)C(=O)O,0,0.23118399
CC(C)(C)c1ccc(-c2ccc(C(C)(C)C)cc2)cc1,0,0.43760008
C=CC(=O)CC,0,0.18688557
CCCCN(CCCC)C(=S)SSC(=S)N(CCCC)CCCC,0,0.26971892
COC(C)(C)C,0,0.15298113
CCOC(=O)CC(SP(=O)(OC)OC)C(=O)OCC,1,0.12511979
CSC(C)(C)CN=O,1,0.15623073
C=CC(=O)OC(C)(C)C,0,0.20036647
CCCCCCC(=O)c1ccccc1,1,0.3558906
SC1CCCC1,0,0.16167639
OCC1CC=CCC1,0,0.17532107
CCCCC(CC)CNC(=N)NC(=N)NCCCCCCNC(=N)NC(=N)NCC(CC)CCCC,1,0.15835579
CC(C)(C)C1CCCCC1=O,0,0.15659635
Nc1nc2ccc(OC(F)(F)F)cc2s1,1,0.4574409
N=C(N)S(=O)O,0,0.16271584
NC1CCC(CC2CCC(N)CC2)CC1,0,0.1636917
N#CCCCC(C#N)CCC#N,1,0.177415
CC(=O)OC1CCC2(C)C(=CCC3C2CCC2(C)C(C(C)=O)CCC32)C1,1,0.28269497
Cc1ccc(C(C)(C)c2ccc(C)cc2)cc1,0,0.445283
Cc1cccc(N)n1,0,0.22754982
CCCCCCCCOc1ccc(C(=O)c2ccccc2)c(O)c1,0,0.5912144
O=C(O)CCCCCCCCCC(=O)O,0,0.20916755
COC(=O)c1c(Cl)c(Cl)c(C(=O)OC)c(Cl)c1Cl,0,0.17335778
OCCSSCCO,0,0.19343051
N#Cc1c(Cl)c(Cl)c(Cl)c(C#N)c1Cl,1,0.19494504
CCCCNS(=O)(=O)c1ccc(C)cc1,0,0.20829006
Cc1ccc(C(=O)O)o1,0,0.26496327
COc1c(Cl)ccc(Cl)c1C(=O)O,0,0.23302782
CCCCC(CC)COC(=O)COc1ccc(Cl)cc1Cl,0,0.26506814
Clc1cccc(C(Cl)(Cl)Cl)n1,0,0.25949502
CC(S)C(=O)NCC(=O)O,0,0.14454871
CN1CCN(C2=Nc3ccccc3Oc3ccc(Cl)cc32)CC1,0,0.31811893
O=P(O)(O)CP(=O)(O)O,0,0.16039884
CCSC(=O)N(CC(C)C)CC(C)C,0,0.14845738
Nc1nc(-c2ccccc2)cs1,1,0.37021855
CCCCCCCCCCN,0,0.23937796
CC(C)N=C1C=C2C(=Nc3ccccc3N2c2ccc(Cl)cc2)CC1=Nc1ccc(Cl)cc1,1,0.27125242
CCO[Si](C)(OCC)OCC,0,0.14735304
O=c1[nH]c(=O)c2ccccc2o1,0,0.28905183
CC(=O)Nc1ccc(C)cc1C,0,0.22426838
CCCCOC(=O)C(=O)OCCCC,0,0.14845738
Clc1cccc(-c2ccccc2)c1,0,0.43425527
Clc1ccc(-c2ccccc2)cc1,1,0.35972214
c1ccc(CCCc2ccncc2)cc1,0,0.33764702
C=C(C)c1cccc(C(C)(C)N=C=O)c1,0,0.25285554
CC(=O)C1(O)CCC2C3C=C(Cl)C4=CC(=O)C5CC5C4(C)C3CCC21C,0,0.5802586
CC1CC2C3CC(F)C4=CC(=O)C=CC4(C)C3(F)C(O)CC2(C)C1(O)C(=O)CO,0,0.19230473
CC(C)(C)N(CCO)CCO,0,0.14877163
C=C(C)C(=O)Nc1ccc(Cl)c(Cl)c1,0,0.38422585
C=CCSSCC=C,0,0.16167639
C=CCSSCCC,0,0.14845738
CC12CCC(=O)C=C1C=CC1C2CCC2(C)C1CCC2(O)CCC(=O)O,0,0.35020408
c1ccc(C2(N3CCCC3)CCCCC2)cc1,0,0.27397767
Clc1nc2ccccc2nc1Cl,0,0.2765371
Cc1cccc(C(C)(C)C)c1O,0,0.36201236
C(COCC1CO1)OCC1CO1,0,0.16167639
Clc1ccc(Sc2cc(Cl)c(Cl)cc2Cl)cc1,0,0.50226647
C=CN1CCCCCC1=O,0,0.12842874
Nc1ccc(N)c2ccccc12,1,0.2542472
C=CC(=O)OCCOC(=O)C=C,1,0.32291287
CCCC[P+](CCCC)(CCCC)CCCC,0,0.14845738
CCCCCCOC(=O)C(C)C,0,0.1347194
C=C(C)C(=O)OCCOCCOC(=O)C(=C)C,0,0.15617178
CC1CC2C(C(O)CC3(C)C2CCC3(O)C(=O)COC(=O)CCC(=O)O)C2(C)C=CC(=O)C=C12,0,0.25627843
CCCCS(=O)(=O)Cl,0,0.16972014
CCNc1ccc(C(=C2C=CC(=[N+](CC)CC)C=C2)c2ccc(N(CC)CC)cc2)c2ccccc12,1,0.41883665
CCCCOCC1CO1,0,0.14845738
COc1ccc2[nH]cc(CCN(C(C)C)C(C)C)c2c1,0,0.22504036
Cc1ccc(O)c(-n2nc3ccccc3n2)c1,1,0.3772634
Oc1ccc2c(c1)Cc1ccccc1-2,1,0.6606059
CCCCCCCCC(=O)NCc1ccc(O)c(OC)c1,0,0.40161723
CCCCCCC=CC=O,0,0.20005174
COP(=S)(OC)Oc1ccc([N+](=O)[O-])cc1Cl,0,0.41052094
CCCCCCCCCCl,1,0.2550382
CNC(=S)N(C)C,0,0.19073644
C=CC(=O)OCCCCCCCC,0,0.31561342
C=CC(=O)OCCCCCC,0,0.29640073
C=C(C)C(=O)OCCC[Si](OC)(OC)OC,0,0.14720985
CO[Si](CCCCl)(OC)OC,0,0.17412442
Cc1ccc2c(ccc3ccccc32)c1,1,0.27735746
COP(=S)(OC)SCC(=O)N(C)C=O,0,0.32879314
CC(=O)CCc1ccccc1,0,0.21969996
C1CCC(SSC2CCCCC2)CC1,0,0.16167639
CCOC(=O)N(C)C(=O)CSP(=S)(OCC)OCC,0,0.42943063
CCOC(=O)C(SP(=S)(OC)OC)c1ccccc1,1,0.42086905
CCN(CC)CCOc1ccc(-c2nc3cc(Cl)ccc3s2)cc1,1,0.5903694
CCC(CO)CO,0,0.14845738
CCC(=O)c1ccc2c(c1)N(CCCN1CCN(CCO)CC1)c1ccccc1S2,1,0.23269337
CC12CCC(C[N+](C)(CCC[N+](C)(C)C)C1)C2(C)C,0,0.28766188
CNC(=O)Oc1cc(C)cc(C(C)C)c1,0,0.1718896
CC(C#N)(CCC(=O)O)N=NC(C)(C#N)CCC(=O)O,0,0.15661249
CC(O)(P(=O)(O)O)P(=O)(O)O,0,0.18093602
CC(=O)C1CCC2C3CC(C)C4=CC(=O)CCC4(C)C3C(O)CC12C,0,0.23659387
C=CCOC(=O)CCC1CCCCC1,0,0.16010214
NCCOCCN,0,0.15780179
O=C(Nc1ccc(Cl)c(Cl)c1)C1CC1,1,0.398177
NNC(=O)c1cccc(C(=O)NN)c1,0,0.24231684
CCCCC[Si](OCC)(OCC)OCC,0,0.14801206
COc1ccc(C=NNC(=O)c2ccncc2)c(C(=O)O)c1OC,0,0.20522165
CCc1ccc(O)c(OC)c1,1,0.30882388
O=C1C(=O)C(O)C1=O,0,0.25214675
CCCCOC(=O)CCCCCCCC(=O)OCCCC,0,0.17514494
CC12CCC3c4ccc(OC(=O)N(CCCl)CCCl)cc4CCC3C1CCC2O,1,0.93348294
CC1(C)C(O)C(C)(C)C1O,0,0.18013412
O=C(CCl)c1ccc(Oc2ccc(C(=O)CCl)cc2)cc1,0,0.34570625
CC(O)C#CC(C)O,0,0.14845738
COC(=O)C=CC(=O)O,0,0.1347241
Cc1ccc(N(CCO)CCO)cc1,0,0.312081
CC1(C)OC2CC3C4CCC5=CC(=O)CCC5(C)C4(F)C(O)CC3(C)C2(C(=O)CCl)O1,0,0.27935725
Cc1cc(C(=O)O)ccc1[N+](=O)[O-],0,0.2263967
CC(C)(C)C(=O)Cl,0,0.16787772
OCCCCCCCCCCCCBr,0,0.20873669
O=S(=O)(O)CCS,0,0.16167639
C=CC(O)CCCCC,0,0.14845738
Nc1nc(N)nc(Cl)n1,0,0.19357347
CC1C2CC(CC2C2CCCC(O)C2)C1(C)C,1,0.19485277
CSc1ccc(C=O)cc1,0,0.28862962
C[N+]12CCC(CC1)C(OC(=O)C(O)(c1ccccc1)c1ccccc1)C2,0,0.2139283
COc1cc2c(cc1OC)-c1cc3ccc(OC)c(OC)c3c[n+]1CC2,0,0.5543715
CC1(C)SC2C(N3C(=O)C(c4ccccc4)NC3(C)C)C(=O)N2C1C(=O)O,0,0.43172747
COc1ccc(S(=O)(=O)Nc2nnc(CC(C)C)s2)cc1,0,0.24945372
CC1(C)C(=CC=CC=CC=CC2=[N+](CCCCS(=O)(=O)O)c3ccc4ccccc4c3C2(C)C)N(CCCCS(=O)(=O)O)c2ccc3ccccc3c21,0,0.31771758
COC(C)(C)CCCC(C)CC=O,0,0.15298113
CC(C)N=C1C(=O)N(c2ccccc2)N(C)C1C,0,0.24979073
CCCCC(CC)CO[PH](=O)OCC(CC)CCCC,0,0.17151602
CC1OC(C)C(=O)C1=O,0,0.13014336
Cc1nc2ccccc2n1Cc1ccc(Cl)cc1,1,0.2561859
Cc1c(-c2ccccc2)oc2c(C(=O)OCCN3CCCCC3)cccc2c1=O,0,0.32337695
C[N+](C)=CCl,0,0.16647042
NCc1cccnc1,0,0.24577865
CC(C)N(CCC(C(N)=O)(c1ccccc1)c1ccccn1)C(C)C,0,0.22858626
O=S1(=O)CC(Cl)(Cl)C(Cl)(Cl)C1,1,0.25222442
C=C(C)c1cccc(C(=C)C)c1,0,0.2437626
Nc1nnc(-c2ccc([N+](=O)[O-])o2)o1,1,0.23238501
CCCCCc1ccco1,1,0.30638131
CC(C)NCC(O)c1ccccc1Cl,0,0.37700254
O=S(=O)(O)c1cc(O)c2c(N=Nc3ccc(Nc4ccccc4)c4c(S(=O)(=O)O)cccc34)cc(S(=O)(=O)O)cc2c1,1,0.31441116
CN1C(=O)N(C)C(O)C1O,0,0.15975422
CC(C)OCC1CO1,0,0.14845738
CC(C)(C)NCCNC(C)(C)C,0,0.06778692
Nc1ncnc2c1ncn2C1CCC(CO)O1,0,0.16781235
CC(=O)OCC=C(C)CCC=C(C)CCC=C(C)C,0,0.13812934
CC(C)(COC(=O)c1ccccc1)COC(=O)c1ccccc1,1,0.23304817
CC(=O)O[Si](C)(OC(C)=O)OC(C)=O,0,0.14735304
O=Cc1cc2ccccc2o1,0,0.39900354
Nc1nc(Cl)nc2c1ncn2C1CC(O)C(CO)O1,1,0.23924011
CC(C)(CCl)C(=O)Cl,1,0.19369508
C=CC(=O)CCCCC,0,0.18688557
CN(C)N=Nc1nc[nH]c1C(N)=O,0,0.07180707
Cc1c(C)c2c(c(C)c1OC(=O)CCC(=O)O)CCC(C)(CCCC(C)CCCC(C)CCCC(C)C)O2,1,0.21930079
CCC1C2CC3C4N(C)c5ccccc5C45CC(C2C5O)N3C1O,0,0.31700677
ClCc1ccccn1,0,0.30927584
Cc1cccc(C)c1Nc1ncccc1C(=O)O,1,0.17224686
CC=C(C)C#N,0,0.14845738
CO[Si](CCCS)(OC)OC,0,0.14905033
O=C(O)P(=O)(O)O,1,0.1526514
C[N+]1([O-])C2CCC1CC(OC(=O)C(CO)c1ccccc1)C2,0,0.20236035
CCCCCCCCN(C)CCCCCCCC,0,0.23937796
COc1cc(OC)c(OC)cc1C=O,0,0.17499427
COC1C(OC(C)=O)CC(=O)OC(C)CC2OC2C=CC(=O)C(C)CC(CC=O)C1OC1OC(C)C(OC2CC(C)(O)C(OC(=O)CC(C)C)C(C)O2)C(N(C)C)C1O,1,0.24470423
CC1(C)SC2C(NC(=O)C(C(=O)O)c3ccccc3)C(=O)N2C1C(=O)O,0,0.22153291
CN1CCN(C2Cc3ccccc3Sc3ccc(Cl)cc32)CC1,0,0.31033713
OCCOCCOCCOCCOCCO,0,0.14504932
OC1OCCOC1O,0,0.16167639
CC12CCC3c4ccc(OC(=O)N(CCCl)CCCl)cc4CCC3C1CCC2OP(=O)(O)O,1,0.961284
O=C(O)c1cc(=O)c2ccccc2o1,0,0.32806122
CCCCCCC(=O)OC1CCC2C3CCc4cc(O)ccc4C3CCC12C,1,0.94052356
C=CC(=O)OCC(COC(=O)C=C)(COC(=O)C=C)COC(=O)C=C,1,0.44453725
C1=CCC(c2ccccc2)CC1,0,0.25704882
CC12CCC3c4ccc(O)cc4CCC3C1CCC2OP(=O)(O)O,1,0.95566094
CCO[Si](CCCCl)(OCC)OCC,0,0.1721994
O=C(O)CC(C(=O)O)S(=O)(=O)O,0,0.1526514
CC(C)=CCCC(C)=CC#N,0,0.14322336
CCCCC(CC)COC(=O)c1ccc(O)cc1,1,0.43125278
CC(C)=CCOC(=O)c1ccccc1,0,0.21969996
CCc1c(-c2ccc(OC)cc2)c(=O)oc2cc(O)ccc12,1,0.70023674
O=C(O)CONC(=O)c1ccccc1,0,0.2198732
CC1=C(C(=O)Nc2ccccc2)S(=O)(=O)CCO1,0,0.33595586
COCCCN,0,0.14845738
CCCCC(CC)COCCCN,0,0.17972367
Brc1ccc(Oc2ccc(Br)cc2Br)c(Br)c1,1,0.26284838
COc1ccc(NC(=O)CC(C)=O)cc1,0,0.3478667
CCCCOC(=O)CC#N,0,0.14532597
Nc1nnnn1-c1ccccc1,0,0.2622857
CCOC(=O)c1cnc2cc(OCC(C)C)c(OCC(C)C)cc2c1O,0,0.16212472
Cn1cnc2c(=O)nc(N)[nH]c21,0,0.16400078
NC(=O)c1cc[n+](CC2=C(C(=O)O)N3C(=O)C(NC(=O)Cc4cccs4)C3SC2)cc1,0,0.14053106
O=C1C=C2C=CC3CC2(O1)C1CCCCN31,0,0.22721104
N#CCN(CC#N)CCN(CC#N)CC#N,0,0.16167639
CC(=O)C(Cl)C(=O)N(C)C,0,0.16582052
NC(Cc1ccc(Oc2cc(I)c(O)c(I)c2)c(I)c1)C(=O)O,0,0.19673385
O=C(OCC(COC(=O)c1cccnc1)(COC(=O)c1cccnc1)COC(=O)c1cccnc1)c1cccnc1,0,0.3098968
CCCCCCCOC(=O)CCC,0,0.13268426
Cc1ccc(C=O)cc1C,0,0.22805862
ClC1=C(Cl)C1(Cl)Cl,0,0.23232953
Nc1nc2ccc([N+](=O)[O-])cc2s1,0,0.35293636
COC(=O)NN,0,0.14574033
CC1=NN(c2ccc(S(=O)(=O)O)cc2)C(=O)C1N=Nc1ccccc1,0,0.22425418
COc1ccc(OC)c(NC(=O)CC(C)=O)c1,0,0.23717654
COc1ccc(NC(C)=O)cc1N,1,0.21806166
C1CN(CCOCCN2CCOCC2)CCO1,0,0.21597509
C=CCOc1ccccc1OCC(O)CNC(C)C,0,0.30811852
CC(O)CCCCn1c(=O)c2c(ncn2C)n(C)c1=O,0,0.17989346
C[N+]1(CC2COC(c3ccccc3)(C3CCCCC3)O2)CCCCC1,0,0.26458457
Clc1cccc(N2CCNCC2)c1,0,0.28647992
C1CCC2=NCCCN2CC1,0,0.19922318
O=C1CCCCCCCCCCOCCCCO1,0,0.19607995
CCCCCC(O)C1C(=O)OC(C)C(O)C=CC=CC=CC=CC=C(C)C(O)C(O)C(O)CC(O)CC(O)CC(O)CC(O)CC1O,0,0.20105608
CC1CC(CC2CCC(N)C(C)C2)CCC1N,0,0.16322799
CCCOC(=O)c1c(Cl)c(Cl)c(Cl)c(Cl)c1C(=O)OCCC,0,0.17335778
CNC(=O)Oc1ccccc1C1OCCO1,0,0.21600981
CN(C)C(C)(C)CO,0,0.15298113
CN(CC1(C)CCCO1)S(=O)(=O)c1ccc(Cl)c(S(N)(=O)=O)c1,0,0.28245115
O=C1CN(N=Cc2ccc(-c3ccc([N+](=O)[O-])cc3)o2)C(=O)N1,1,0.32901958
c1cc(C(c2ccc(OCC3CO3)cc2)C(c2ccc(OCC3CO3)cc2)c2ccc(OCC3CO3)cc2)ccc1OCC1CO1,1,0.2897617
CCOC(=O)c1ccccc1OC,0,0.21969996
C=CC[N+](C)(C)CC=C,0,0.14845738
CC(C)NCC(O)c1ccc([N+](=O)[O-])cc1,0,0.22077194
CCc1c(C)[nH]c2c1C(=O)C(CN1CCOCC1)CC2,0,0.16196391
CC(C)(O)C(=O)c1ccccc1,0,0.2953198
CC(C)[N+](C)(CCC(C(N)=O)(c1ccccc1)c1ccccc1)C(C)C,0,0.23304817
Cc1cn[nH]c1,0,0.14933854
CCCN(CCC)CCc1c[nH]c2ccccc12,0,0.20526284
CC(Cl)C(C)Cl,0,0.16582052
CC(NNC(=O)c1ccccc1)c1ccccc1,1,0.22763823
CCCCC(CC)COC(=O)CS,1,0.15689765
CC(C)(C)OCC1CO1,0,0.15298113
Cn1c([N+](=O)[O-])cnc1COC(N)=O,0,0.19174524
CC1CC=CC=CC=CC=CC(OC2OC(C)C(O)C(N)C2O)CC2OC(O)(CC(O)CC3OC3C=CC(=O)O1)CC(O)C2C(=O)O,0,0.35348573
CCC12COCN1COC2,1,0.25611606
CC=C(C)C(=O)OCC=C(C)CCC=C(C)C,0,0.13812934
CN=C1C=CC(=C(c2ccc(N(C)C)cc2)c2ccc(N(C)C)cc2)C=C1,1,0.42138198
O=C1c2ccccc2C(=O)C1c1ccc2cc(S(=O)(=O)O)cc(S(=O)(=O)O)c2n1,0,0.24932496
Cc1c(C)c2c(c(C)c1OC(=O)CCC(=O)OCCO)CCC(C)(CCCC(C)CCCC(C)CCCC(C)C)O2,1,0.2127719
CC(=O)NC1C(O)OC(CO)C(O)C1OC1OC(C(=O)O)C(OC2OC(CO)C(O)C(OC3OC(C(=O)O)C(O)C(O)C3O)C2NC(C)=O)C(O)C1O,0,0.061260894
CCCCCCCCCCCCCCCCCCOCCO,0,0.28870246
CCCCCCCCC=CCCCCCCCC(=O)OCCOCC(OCCO)C1OC(OCCO)CC1OCCO,0,0.18923186
CCCCCCCCCCCC(=O)OCC(O)C1OCC(OCCO)C1OCCO,0,0.10146742
O=S(=O)(O)Oc1ccc(C(c2ccc(OS(=O)(=O)O)cc2)c2ccccn2)cc1,0,0.36656857
Oc1cc(O)cc(C=Cc2ccc(O)c(O)c2)c1,1,0.3553623
CC(=O)OC1CCC2C3CCC4=CC(=O)CCC4=C3C=CC12C,1,0.5900792
COc1ccc(Cl)cc1C(=O)NCCc1ccc(S(=O)(=O)NC(=O)NC2CCCCC2)cc1,1,0.27976057
CCOC(CN1CCN(CC(C)C(=O)c2ccccc2)CC1)c1ccccc1,0,0.18618482
CCC=CCC=CCC=CCC=CCC=CCCCC(=O)O,0,0.17723376
OC(c1ccccc1)(c1ccccc1)C1CN2CCC1CC2,0,0.22234964
CCC(=C(c1ccccc1)c1ccc(OCCN(C)C)cc1)c1ccccc1,1,0.49145764
CC(C)OC(=O)c1cc(C(=O)OC(C)C)cc([N+](=O)[O-])c1,0,0.34702078
CCCCCCCCCCCCCOC(=O)CCSCCC(=O)OCCCCCCCCCCCCC,0,0.1603961
C=Cc1c(C)c2cc3nc(c(CC(=O)O)c4[nH]c(cc5nc(cc1[nH]2)C(C)=C5CC)c(C)c4C(=O)O)C(CCC(=O)O)C3C,0,0.25388613
CCCCN(N=O)C(=N)N[N+](=O)[O-],0,0.14747116
O=NN(CCCl)C(=O)NC1CCCCC1,0,0.20396598
CCCSP(=O)(OCC)SCCC,0,0.31790537
CC(C)CCCC(C)(C)O,0,0.15941545
CCN(CCC#N)c1ccc(N=Nc2c(Cl)cc([N+](=O)[O-])cc2Cl)cc1,0,0.2061806
CCCC[n+]1ccccc1C,0,0.3963656
CON(C)C(=O)Nc1ccc(Br)c(Cl)c1,0,0.24811278
CC(C)=CCCC(C)=CCN=O,0,0.13672106
Cc1cccc([N+](=O)[O-])c1C(=O)O,0,0.21247919
CC(C)(C)C(=O)CCl,0,0.19692382
O=C1C=CC(=O)N1c1ccc(Cc2ccc(N3C(=O)C=CC3=O)cc2)cc1,1,0.25102365
CC(=O)C(=O)CC(C)C,1,0.19561939
CC(C)CCCC(C)NC(C)C,0,0.14574033
O=C1CCC(c2ccccc2)(C2CCN(Cc3ccccc3)CC2)C(=O)N1,0,0.31688154
Cc1cccc(C)c1NC(=O)c1cc(S(N)(=O)=O)c(Cl)cc1O,0,0.41670218
CC(C(O)c1ccccc1)N(C)CCOC(c1ccccc1)c1ccccc1,0,0.23500364
CCCCCCCC[N+](CCCCCCCC)(CCCCCCCC)CCCCCCCC,1,0.32347867
Oc1ccc(C(=C(Cl)Cl)c2ccc(O)cc2)cc1,1,0.82199967
CCCCCCCCCCCC[N+](C)(C)CCCS(=O)(=O)O,0,0.4424362
CCCCCc1ccc(O)cc1,1,0.6266971
CN1CCCC1CCOC(C)(c1ccccc1)c1ccc(Cl)cc1,0,0.36911935
O=[N+]([O-])c1ccccc1CCO,0,0.24053913
CCc1cn(C2CC(O)C(CO)O2)c(=O)[nH]c1=O,0,0.1742035
O=C(Nc1ccccc1)c1ccccc1I,0,0.36074704
CN1CCC(=C2c3ccccc3CCc3sccc32)CC1,0,0.2596285
c1ccc(C[n+]2cccc3ccccc32)cc1,1,0.42747748
CCOC=C1N=C(c2ccccc2)OC1=O,0,0.29510954
CC(C)Cc1ccc(C(C)C(=O)O)cc1,0,0.23270832
CCc1nccnc1CC,0,0.18891846
Nc1cc(Cl)c(-c2cc(Cl)c(N)cc2Cl)cc1Cl,1,0.25925043
O=C(O)c1cc(=O)c2c(OCC(O)COc3cccc4oc(C(=O)O)cc(=O)c34)cccc2o1,0,0.25299117
CCCCCCCCOCCCN,0,0.28870246
CC(=O)N(CC(C)C(=O)O)c1c(I)cc(I)c(N)c1I,0,0.16854066
CC1(C)C(=O)N(Cl)C(=O)N1Br,0,0.22181015
CCNC(=O)C(C)OC(=O)Nc1ccccc1,0,0.36466703
Cn1c(CCCC(=O)O)nc2cc(N(CCCl)CCCl)ccc21,0,0.3844505
C=CC(=O)NCOCC(C)C,0,0.23939763
Nc1nc(=S)[nH][nH]1,0,0.26058015
CC(C)(CO)C(O)C(=O)NCCC(=O)NCCSSCCNC(=O)CCNC(=O)C(O)C(C)(C)CO,0,0.15019588
C=CC(=O)OCC(O)COc1ccccc1,0,0.4149874
O=P(O)(O)OC(CO)CO,0,0.16167639
c1cc(CCCc2ccncc2)ccn1,0,0.32955435
C=COCC1CCC(COC=C)CC1,0,0.31509796
O=C1c2ccccc2C(=O)N1CCl,0,0.3364011
CC(=O)OC1CC(OC2C(O)CC(OC3C(O)CC(OC4CCC5(C)C(CCC6C5CC(O)C5(C)C(C7=CC(=O)OC7)CCC65O)C4)OC3C)OC2C)OC(C)C1OC1OC(CO)C(O)C(O)C1O,0,0.5575503
c1ccc(OCc2ccc(CCCN3CCOCC3)cc2)cc1,0,0.25989968
CN1CC(CNC(=O)OCc2ccccc2)CC2c3cccc4c3c(cn4C)CC21,0,0.21571046
CCC(C)OC(=O)c1ccc(O)cc1,1,0.68215066
O=C(Oc1ccccc1)c1ccc(O)cc1,1,0.7456563
C=CC(=O)OCCC(F)(F)C(F)(F)C(F)(F)C(F)(F)C(F)(F)C(F)(F)C(F)(F)C(F)(F)C(F)(F)C(F)(F)F,0,0.39818347
C=COCCCCO,0,0.16167639
CCC[N+]1(C)CCCCC1,0,0.16696154
O=C(O)Cc1csc(-c2ccc(Cl)cc2)n1,0,0.33490512
CCN(CC)C(=O)NC1C=C2c3cccc4[nH]cc(c34)CC2N(C)C1,0,0.5588364
C=C(C)CNCC,1,0.19188668
CC1OCC(=O)C1=O,0,0.17247203
Cc1cccc(C)c1NC(=O)c1ccccc1C(=O)O,0,0.21605888
CCS(=O)(=O)CCn1c([N+](=O)[O-])cnc1C,1,0.16996515
CC(C)Oc1cc(-n2nc(C(C)(C)C)oc2=O)c(Cl)cc1Cl,1,0.30652133
O=C(O)Cc1ccc(Cl)cc1Cl,0,0.25621015
CSc1ccc2c(c1)C(N1CCN(C)CC1)Cc1ccccc1S2,1,0.36614552
COc1nc(N)nc2nc[nH]c12,0,0.10946128
Oc1ccc2c3c1OC1C(O)CCC4(O)C(C2)N(CC2CCC2)CCC314,0,0.517236
C[N+]1(CC2COC(c3ccccc3)(c3ccccc3)O2)CCCCC1,0,0.26322696
CCCCC(CC)COC(=O)c1ccc(N(C)C)cc1,0,0.3230152
CC(=O)Nc1ccc(S(=O)(=O)Nc2cc(C)on2)cc1,0,0.22050068
CC(CN1CC(=O)NC(=O)C1)N1CC(=O)NC(=O)C1,0,0.16774179
COc1cc(C(=O)NCCCCCC(=O)O)cc(OC)c1OC,0,0.16864432
O=C1c2ccccc2CN2C(=O)c3ccccc3CN12,0,0.27347046
CC(=O)OCCC1CCCCC1,0,0.14845738
CC(C)(c1cc(Br)c(OCC(Br)CBr)c(Br)c1)c1cc(Br)c(OCC(Br)CBr)c(Br)c1,0,0.26394674
C=CCOc1ccc(CC(=O)O)cc1Cl,1,0.32255194
CCOC(=O)n1ccn(C)c1=S,0,0.24737217
CN1C(=O)CC(=O)N(c2ccccc2)c2cc(Cl)ccc21,0,0.37964654
O=C(O)c1cc(-c2ccc(F)cc2F)ccc1O,0,0.54808724
CC(C)c1c(CN(C)C(C)Cc2ccccc2)n(C)n(-c2ccccc2)c1=O,0,0.22851987
O=C(OCCCCCCOC(=O)c1ccccc1)c1ccccc1,1,0.23808028
O=C(Nc1ccccc1)c1cc([N+](=O)[O-])ccc1Cl,1,0.4295368
CC(C(O)c1ccc(O)cc1)N1CCC(Cc2ccccc2)CC1,0,0.61994797
CCC(CO)(CO)COCC(CC)(CO)CO,0,0.15298113
CC(NCCc1ccc(O)cc1)C(O)c1ccc(O)cc1,0,0.16120468
COC(=O)NCCC[Si](OC)(OC)OC,0,0.14451176
CCOC(=O)NC(=S)Nc1ccccc1NC(=S)NC(=O)OCC,1,0.27412885
CC(Cc1cccc(C(F)(F)F)c1)NCCOC(=O)c1ccccc1,0,0.31101128
Cc1c(C(=O)NCCO)[n+]([O-])c2ccccc2[n+]1[O-],0,0.28889355
Cc1ccccc1CNc1ncnc2c1ncn2C1OC(CO)C(O)C1O,0,0.24791329
CCCCCCCC[P+](CCCCCCCC)(CCCCCCCC)CCCCCCCC,1,0.30304548
CC(=O)OCC(=O)C1CCC2C3CCC4CC(O)CCC4(C)C3C(=O)CC12C,0,0.20537268
CCOP(=S)(OCC)Oc1ncn(-c2ccccc2)n1,1,0.24935098
CC(C)c1ccc2cc(C(C)C)ccc2c1,0,0.3243849
C[S+](CCC(N)C(=O)O)CC1OC(n2cnc3c(N)ncnc32)C(O)C1O,0,0.17800657
CN1Cc2c(N)cccc2C(c2ccccc2)C1,0,0.23960792
CCCCCCCCCCCCCN1CC(C)OC(C)C1,0,0.23180982
CCO[Si](CCCN=C=O)(OCC)OCC,0,0.2025665
CCC(C)C(=O)OCCc1ccccc1,0,0.23078403
CCCCCC1C(=O)CCC1CC(=O)OC,0,0.1516986
CN1CCN(c2cc3c(nn2)Oc2ccccc2N3C)CC1,1,0.30155134
CCOP(=S)(OCC)SCCl,0,0.43257266
CC12C(=O)OC(=O)C1C1C=CC2C1,1,0.2214408
CCOP(=S)(NC(C)C)Oc1ccccc1C(=O)OC(C)C,0,0.32081932
Cc1cccc(S(=O)(=O)O)c1C,0,0.21406724
CCc1ccccc1CC,1,0.23084499
FC(F)(F)c1ccccc1-n1ccnc1,0,0.33551618
NC(=O)OCC(COC(N)=O)c1ccccc1,0,0.29551786
Cc1cn(C2CC(F)C(CO)O2)c(=O)[nH]c1=O,0,0.17688268
Cc1ccc(C)c(OCCCC(C)(C)C(=O)O)c1,0,0.25280502
N=C(NN=Cc1ccc(Cl)cc1)NN=Cc1ccc(Cl)cc1,0,0.22321369
Cc1cc(-c2ccccc2)nnc1NCCN1CCOCC1,1,0.36391824
CC(C)=CC1C(C(=O)OCc2cccc(Oc3ccccc3)c2)C1(C)C,0,0.40054977
CC(C)OC(=O)Nc1ccc2[nH]c(-c3cscn3)nc2c1,1,0.4356291
COc1ccc2cc(C(C)CO)ccc2c1,1,0.33162665
CCNC(C)Cc1ccccc1,0,0.24100287
CCOC1Oc2ccc(OS(C)(=O)=O)cc2C1(C)C,1,0.47554824
CC(=O)CC(=O)Nc1ccc2[nH]c(=O)[nH]c2c1,0,0.22338831
CN(C)CCOC1=Cc2ccccc2Sc2ccc(Cl)cc21,0,0.37692285
C=CCc1cc(OC)c(O)c(C(=O)NCCO)c1,0,0.35400084
NCCCC(N)C(=O)O,0,0.1526514
O=S(=O)(O)c1ccccc1C=Cc1ccc(-c2ccc(C=Cc3ccccc3S(=O)(=O)O)cc2)cc1,1,0.31348708
O=C(O)c1ccc(NC2OCC(O)C(O)C2O)cc1,0,0.21714479
CCCCCCCCCCCCCCCCCC[N+](C)(C)CCC[Si](OC)(OC)OC,1,0.29163447
COC12CC(COC(=O)c3cncc(Br)c3)CN(C)C1Cc1cn(C)c3cccc2c13,0,0.29002753
CCC=CCCOC(C)OCC,0,0.14845738
CCn1nc(C(=O)O)c(=O)c2cc3c(cc21)OCO3,0,0.1704599
NC(=O)N1c2ccccc2CC(=O)c2ccccc21,0,0.3218254
CN1CCN(CC(=O)N2c3ccccc3C(=O)Nc3cccnc32)CC1,0,0.19930072
Cc1ccc2ccccc2c1C,1,0.29684716
COC(=O)C(Cl)C(=O)OC,0,0.16582052
CCCCCCCCCc1ccccc1O,1,0.5122664
CC(C)NCC(O)COc1ccc(CC(N)=O)cc1,0,0.2252175
c1ccc2c(c1)Sc1ccccc1N2CC1CN2CCC1CC2,0,0.25668603
Cc1cc(C2CCCCC2)n(O)c(=O)c1,1,0.15049763
CCCCC(CC)COC(=O)COc1ccc(Cl)cc1C,0,0.2629361
COc1cc(CCN)c(OC)cc1Br,0,0.18568103
CCCCCCCCOC1OC(CO)C(O)C(O)C1O,0,0.23180982
Cn1nnnc1SCC1=C(C(=O)O)N2C(=O)C(NC(=O)C(O)c3ccccc3)C2SC1,0,0.0824334
CN1c2ccccc2C(NCCCCCCC(=O)O)c2ccc(Cl)cc2S1(=O)=O,0,0.2938335
CC(C)CCCCCOC(=O)CCS,0,0.15320843
Cc1cn(C2CC(N=[N+]=N)C(CO)O2)c(=O)[nH]c1=O,1,0.1915309
Cc1c(C)n(Cc2ccccc2)c2ccc(C(=O)OCCN(C)C)cc12,0,0.26007536
COc1ccc2c(c1)OC(C)(C)C(c1ccccc1)C2c1ccc(OCCN2CCCC2)cc1,1,0.5639056
CC(NC(C)(C)C)C(=O)c1cccc(Cl)c1,0,0.35017443
CC(C(=O)O)c1cccc(Oc2ccccc2)c1,0,0.33651277
CN(C)C1CSSSC1,0,0.15008567
CC(C)(O)CCCC1=CCC(C=O)CC1,0,0.20639056
CC1COc2ccccc2N1,0,0.11382964
CNC1C(O)C(OC2C(N)CC(N)C(OC3OC(CN)=CCC3N)C2O)OCC1(C)O,0,0.25914302
O=C(Cn1c(=O)sc2ccc(Cl)cc21)N1CCN(CCO)CC1,0,0.34711325
Brc1cc(Oc2cc(Br)c(Br)c(Br)c2Br)c(Br)c(Br)c1Br,0,0.30716217
CCN(CC)CCNC(=O)c1ccc(NC(C)=O)cc1,0,0.21044616
Cc1ccc(N=CN(C)C=Nc2ccc(C)cc2C)c(C)c1,0,0.2437626
CC(C)c1cc2c(cc1S(=O)(=O)O)C1(C)CCCC(C)(C(=O)O)C1CC2,0,0.22891168
C=CCN(C1=NCCN1)c1c(Cl)cccc1Cl,1,0.27111098
O=[N+]([O-])c1cc(N(CCO)CCO)ccc1NCCO,0,0.31758317
COc1ccc2c(c1)C(=O)N(CCc1ccc(S(=O)(=O)NC(=O)NC3CCCCC3)cc1)C(=O)C2(C)C,0,0.45946598
O=C1CC2(CCCC2)CC(=O)N1CCCCN1CCN(c2ncccn2)CC1,0,0.2067705
CCC1CC2C3CCC4=CC(=O)CCC4C3CCC2(C)C1O,0,0.71688503
O=C(COc1ccc(Cl)cc1)N1CCN(Cc2ccc3c(c2)OCO3)CC1,1,0.28999025
c1cnc2c(n1)CCCC2,0,0.18835527
CC1CCC(CO)CC1,0,0.14845738
CCCCCC(O)C=CC1C(O)CC2OC(=CCCCC(=O)O)CC21,0,0.16769373
C#CC1(OC(C)=O)CCC2C3CCC4=CC(N=O)CCC4C3CCC21CC,1,0.79012656
O=C(C(=O)c1ccc(Br)cc1)c1ccc(Br)cc1,0,0.23153974
Clc1ccc(Cl)c(-c2cc(Cl)ccc2Cl)c1,1,0.32782373
CCOC(=O)c1cnc2c(cnn2CC)c1NN=C(C)C,0,0.2647765
Cc1ccc2c(c1)C13CCCCC1C(C2)N(C)CC3,0,0.3015031
C[n+]1ccn(Cc2ccccc2)c1,0,0.50107
CC(C)CCCCCCCOC(=O)c1ccc(C(=O)OCCCCCCCC(C)C)c(C(=O)OCCCCCCCC(C)C)c1,0,0.220837
CC(CC(=O)Cl)CC(C)(C)C,0,0.16787772
O=c1[nH]c(=O)n(C2CCCO2)cc1F,0,0.18508534
CC1(C)SC2C(NC(=O)C(NC(=O)N3CCNC3=O)c3ccccc3)C(=O)N2C1C(=O)O,0,0.25211993
COCC(C)N,0,0.15632239
CCCCCCCCCCCCCCCC(=O)OCCC1CCN(CCCN2c3ccccc3Sc3ccc(S(=O)(=O)N(C)C)cc32)CC1,0,0.29208893
CCN(CC)C(=O)NC1CC2c3cccc4[nH]cc(c34)CC2N(C)C1,1,0.30739194
CCCC[N+]1(C)CCCCC1,0,0.14845738
CC1=C(CC(=O)O)c2cc(F)ccc2C1=Cc1ccc([S+](C)[O-])cc1,0,0.4091937
CC(=O)c1sc(C)nc1C,0,0.17698936
CCOc1cc(OP(=S)(OC)OC)nc(CC)n1,0,0.51218194
Nc1cc(N2CCCCC2)nc(N)[n+]1[O-],0,0.21411313
CCCCCCCCCOC(=O)c1ccc(O)cc1,1,0.75234723
O=C(NCNC(=O)NC1C(=O)NC(=O)N1CO)NC1C(=O)NC(=O)N1CO,0,0.16160671
CC1(C)C(C(=O)OC(C#N)c2cccc(Oc3ccccc3)c2)C1(C)C,0,0.37225282
CCOC(=O)C1=C(C)N=C(C)C(C(=O)OC)C1c1cccc([N+](=O)[O-])c1,0,0.44675106
CCNC(=O)C1CC(C)CCC1C(C)C,0,0.17780793
Nc1nc(=O)c2ncn(CCC(CO)CO)c2[nH]1,0,0.13199076
CCCCCCOc1ccc(N)cc1,1,0.41786623
C=CC(=O)OCCn1c(=O)n(CCOC(=O)C=C)c(=O)n(CCOC(=O)C=C)c1=O,1,0.2790848
CC(C(=O)O)c1ccc(C(=O)c2cccs2)cc1,0,0.21616574
O=C(c1ccc(O)cc1)c1ccc(Cl)cc1,1,0.740012
CCOP(=S)(OCC)Oc1nc(Cl)n(C(C)C)n1,0,0.28790566
Cc1c(C)c2c(c(C)c1OC(=O)c1cccnc1)CCC(C)(CCCC(C)CCCC(C)CCCC(C)C)O2,0,0.2504388
COC(=O)Nc1nc2cc(Sc3ccccc3)ccc2[nH]1,1,0.35599494
OCCSCSCCO,0,0.16167639
CCCCCCCCCCCCn1cc[n+](C)c1,1,0.6203331
CCC(O)C(CC(C)N(C)C)(c1ccccc1)c1ccccc1,0,0.243572
O=C(CCN1CCN2CCCC2C1)N1c2ccccc2Sc2ccc(Cl)cc21,0,0.27571118
Cc1cccc(C)c1NC(=O)N=C1CCCN1C,0,0.21044616
CC(C)(C)c1ccc(C(O)CCCN2CCC(C(O)(c3ccccc3)c3ccccc3)CC2)cc1,1,0.31282118
C=CCCCCCCCCOC(C)=O,0,0.17878447
Cc1cccc(Nc2cc(Cl)nc(SCC(=O)O)n2)c1C,1,0.14578281
COC(=O)C(N)CCCNC(N)=N[N+](=O)[O-],0,0.1759632
CC(=O)C1(O)Cc2c(O)c3c(c(O)c2C(OC2CC(N)C(O)C(C)O2)C1)C(=O)c1c(O)cccc1C3=O,1,0.8241755
C=COC(=O)C(C)(CC)CCC(C)C,0,0.15298113
CCc1cccc(C)c1N(C(=O)CCl)C(C)COC,0,0.41926068
CC(C)(C)NCC(O)COc1cccc2c1CCC(=O)N2,0,0.1315881
CCC(Cl)CC(Cl)C(Cl)C(Cl)C(Cl)C(C)Cl,1,0.18863767
CCOc1ccc(OCC)c(Cl)c1,0,0.35091615
O=C(c1cc(O)c(O)c(O)c1)c1ccc(O)c(O)c1O,1,0.3444069
CC(C(=O)O)c1ccc2c(c1)Cc1cccnc1O2,0,0.2367316
OCCN1CCN(CCC=C2c3ccccc3Sc3ccc(Cl)cc32)CC1,0,0.35557413
OCC1OC(n2cnc3c2N=CNCC3O)CC1O,0,0.23426558
NC(C(=O)NC1C(=O)N2C(C(=O)O)=C(Cl)CSC12)c1ccccc1,0,0.19669285
CCN(CC)Cc1nccn1-c1ccc([N+](=O)[O-])cc1C(=O)c1ccccc1Cl,0,0.308549
CC(CCO)CCc1ccccc1,0,0.2571343
COc1cc(C)c(C=CC(C)=CC=CC(C)=CC(=O)O)c(C)c1C,1,0.1995859
Cc1ccccc1C(=O)Nc1cccc(OC(C)C)c1,0,0.35136497
OCC1OC(OC2(CCl)OC(CCl)C(O)C2O)C(O)C(O)C1Cl,1,0.5148994
CC1OC(OC2C(CO)OC(OC3C(CO)OC(O)C(O)C3O)C(O)C2O)C(O)C(O)C1NC1C=C(CO)C(O)C(O)C1O,1,0.17073734
COP(=S)(OC)Oc1c(Cl)cc(C)cc1Cl,1,0.33833525
CC(O)COC(C)(C)C,0,0.18608326
COc1ccccc1N1CCN(CC(O)COc2cccc3ccccc23)CC1,0,0.34550554
CC(C)(C)NCC(O)COc1ccc(NC(=O)NC2CCCCC2)cc1,0,0.12406792
COCC(=O)N(c1c(C)cccc1C)C(C)C(=O)OC,0,0.21406724
Nc1ccc(C(=O)Nc2ccccc2N)cc1,1,0.2801475
CC1C2Cc3ccc(O)cc3C1(C)CCN2CCc1ccccc1,0,0.6374449
Cc1cccc(C)c1NC(=O)CN(CC(=O)O)CC(=O)O,0,0.20665458
CCCC1CCOC(C)S1,0,0.16859925
CC1=C(CC(=O)O)c2cc(F)ccc2C1=Cc1ccc(S(C)(=O)=O)cc1,0,0.33259892
CC(O)C(=O)Nc1c(I)c(C(=O)NC(CO)CO)c(I)c(C(=O)NC(CO)CO)c1I,0,0.15253177
Nc1cc(C(Cl)=C(Cl)Cl)c(S(N)(=O)=O)cc1S(N)(=O)=O,0,0.19254665
c1ccc(-c2ccc(C(c3ccccc3)n3ccnc3)cc2)cc1,0,0.33482724
CC(N)C(=O)NC(C)P(=O)(O)O,0,0.14725235
COc1cc(CC(C)N)cc2c1OCO2,0,0.18489069
CCCCCCCCCCOCC(O)CN,0,0.23937796
CC1=NN(c2ccc(C(=O)O)cc2)C(=O)C1,0,0.24477252
O=C1C(Cl)C(CCl)CN1c1cccc(C(F)(F)F)c1,0,0.35570145
CCCCCCNC(=O)n1cc(F)c(=O)[nH]c1=O,0,0.27725357
O=C(c1ccc(O)c(O)c1)c1ccc(O)cc1O,1,0.66189736
Cc1nc(N)cc2[nH]c3ccccc3c12,1,0.3071261
CC1=C(Br)C(=O)C(Br)=CC1=C(c1ccccc1S(=O)(=O)O)c1cc(Br)c(O)c(Br)c1C,1,0.44493383
CCN1CCN(C(=O)NC(C(=O)NC2C(=O)N3C(C(=O)O)=C(CSc4nnnn4C)CSC23)c2ccc(O)cc2)C(=O)C1=O,0,0.057754315
Cc1cccc2c1cc1ccc3cccc4ccc2c1c34,1,0.40922028
CCN(CC#N)c1cccc(C)c1,0,0.29990727
Cc1cc(C)c(N)c(Cl)c1,0,0.20515959
C[N+]1(CCF)C2CCC1CC(OC(=O)C(O)(c1ccccc1)c1ccccc1)C2,1,0.2820098
CCC1OCC(COc2ccc(Oc3ccccc3)cc2)O1,1,0.42495248
CNC(C)Cc1ccc2c(c1)OCO2,0,0.23979253
Clc1ccc(CON=C(Cn2ccnc2)c2ccc(Cl)cc2Cl)c(Cl)c1,0,0.30172136
CCOC(=O)NNc1ccc(N(CC)CC(C)O)nn1,0,0.2057459
O=C(C=Cc1cccc(F)c1)NC1CC1,0,0.24231684
OCC(O)C(O)C(O)C(O)COC1OC(CO)C(O)C(O)C1O,0,0.16167639
CCCCCCCCn1cc[n+](C)c1,1,0.6203331
O=C(O)c1ccccc1Nc1cc(Cl)ccc1C(=O)O,0,0.29804206
CCC(c1ccc2cc(O)ccc2c1)C(C)(C)C(=O)O,1,0.43330553
CCC=CCCOC(=O)c1ccccc1O,0,0.29358834
N=C1NC(=N)c2cc3ccccc3cc21,1,0.44284666
CCCN1CC(CSC)CC2c3cccc4[nH]cc(c34)CC21,0,0.35031074
CC(=O)N(CC(O)CO)c1c(I)c(C(=O)NCC(O)CO)c(I)c(C(=O)NCC(O)CO)c1I,0,0.22050446
CC(C)Oc1cccc(NC(=O)c2ccccc2C(F)(F)F)c1,0,0.46577036
CCCCCCCCCCCC(=O)OCC(C)OC(=O)CCCCC(=O)O,0,0.20474006
Nc1cc(Cl)c(NC2=NCCN2)c(Cl)c1,0,0.2649879
CCC(=O)OCC(=O)C1(OC(=O)CC)C(C)CC2C3C(Cl)CC4=CC(=O)C=CC4(C)C3C(O)CC21C,0,0.281882
CCC(=O)OC1(C(=O)CCl)C(C)CC2C3CC(F)C4=CC(=O)C=CC4(C)C3(F)C(O)CC21C,0,0.16005862
CCCCC(CC)C(=O)OC(C)C,0,0.17439471
CCOC(=O)COc1ccc(C)cc1,0,0.1837254
CN1CCN(C2=Nc3cc(F)ccc3Cc3ccccc32)CC1,0,0.28319716
C#CCOc1ccc2c(C)cc(=O)oc2c1,0,0.2577666
CC12CCC(=O)C=C1C1CC1C1C2CCC2(C)C1C1CC1C21CCC(=O)O1,0,0.5520462
CCC(C)(C)C1CCCCC1OC(C)=O,0,0.15298113
CC(C)C(OC(=O)c1ccccc1)C(C)(C)COC(=O)c1ccccc1,1,0.23949015
CC1(C)C(C=C(Cl)C(F)(F)F)C1C(=O)OC(C#N)c1cccc(Oc2ccccc2)c1,0,0.49126124
C=C(C)C(=O)OCCOC1CC2CC1C1C=CCC21,0,0.19082965
NS(=O)(=O)Cc1noc2ccccc12,0,0.25622547
CCCCCCC[N+](CC)(CC)CCCCc1ccc(Cl)cc1,1,0.40589902
COc1ccc(N=Nc2cc(C)c(N=Nc3ccc(S(=O)(=O)O)cc3)cc2OC)cc1,0,0.27052417
NC(=O)C[S+]([O-])C(c1ccccc1)c1ccccc1,0,0.23947068
CC(C)c1ccc(OP(=O)(Oc2ccc(C(C)C)cc2)Oc2ccc(C(C)C)cc2)cc1,1,0.23944908
CCC(=O)N(c1ccccc1)C1(COC)CCN(CCn2nnn(CC)c2=O)CC1,0,0.33308718
CCCc1c2oc(C(=O)O)cc(=O)c2cc2c(=O)cc(C(=O)O)n(CC)c12,0,0.17170255
CN1C(C(=O)Nc2ccccn2)C(=O)c2sc(Cl)cc2S1(=O)=O,0,0.37110975
Cc1cc(O)c(C(=O)NC(C(=O)NC2C(=O)N3C(C(=O)O)=C(CSc4nnnn4C)CSC23)c2ccc(O)cc2)cn1,0,0.10810909
CC(C)(Cc1c[nH]c2ccccc12)NCC(O)COc1ccccc1C#N,0,0.095824145
CCNC(=O)NCc1cccc(Cl)c1,0,0.29142874
COC(=O)C1=C(C)N=C(C)C(C(=O)OC)C1c1ccccc1OC(F)F,0,0.36823627
CCOC(=O)C1C(C)=NC(C)=C(C(=O)OC)C1c1cccc(Cl)c1Cl,0,0.52365667
CC(C)(ON=C(C(=O)NC1C(=O)N2C(C(=O)O)=C(C[n+]3ccccc3)CSC12)c1csc(N)n1)C(=O)O,0,0.12620664
COC1C=COC2(C)Oc3c(C)c(O)c4c(c3C2=O)C2=NC3(CCN(CC(C)C)CC3)N=C2C(NC(=O)C(C)=CC=CC(C)C(O)C(C)C(O)C(C)C(OC(C)=O)C1C)C4=O,1,0.3753108
O=C(O)Cc1nn(Cc2ccc(Br)cc2F)c(=O)c2ccccc12,0,0.29870692
CON=C(C(=O)NC1C(=O)N2C(C(=O)O)=C(CSc3nc(=O)c(O)nn3C)CSC12)c1csc(N)n1,0,0.1913325
CCC(C)C(=O)OC1CCC=C2C=CC(C)C(CCC3CC(O)CC(=O)O3)C21,0,0.24579953
COC(=O)c1ccccc1S(=O)(=O)NC(=O)Nc1nc(C)cc(C)n1,0,0.22443038
CC(=O)SCC(C)C(=O)N1CCCC1C(=O)NC(Cc1ccccc1)C(=O)O,0,0.19935873
CC(Cc1ccc2c(c1)OCO2)NO,0,0.23979253
CC1(COc2ccc(CC3SC(=O)NC3=O)cc2)CCCCC1,1,0.28621775
CC(C)CC(C)CC(C)CC(C)COC(=O)c1ccccc1C(=O)OCC(C)CC(C)CC(C)CC(C)C,1,0.24869849
CC1CN(CCCn2c3ccccc3c3ccccc32)CC(C)N1,1,0.23111863
NCCCCC(NC(CCc1ccccc1)C(=O)O)C(=O)N1CCCC1C(=O)O,0,0.20820323
OC(Cn1cncn1)(c1ccc(F)cc1)c1ccccc1F,0,0.4032565
Cc1cccc(C)c1NC(=O)CN1CCCC1=O,0,0.21044616
CCOC(=O)COC(=O)c1cc(Oc2ccc(C(F)(F)F)cc2Cl)ccc1[N+](=O)[O-],0,0.4892307
COCC(=O)N(c1c(C)cccc1C)N1CCOC1=O,0,0.21406724
O=C1C(N(CO)C(=O)NCO)N(CO)C(=O)N1CO,0,0.15718725
CCC(C)(C)c1ccc(CC(C)CN2CC(C)OC(C)C2)cc1,1,0.2566936
O=C(O)C=Cc1ccc(Cn2ccnc2)cc1,0,0.21586716
CC1CN(C2CCC(C#N)(c3ccc(F)cc3)CC2)CCC1(C(=O)O)c1ccccc1,0,0.28386804
Cc1c(F)c(F)c(COC(=O)C2C(C=C(Cl)C(F)(F)F)C2(C)C)c(F)c1F,0,0.27052647
O=[N+]([O-])c1cc(C(F)(F)F)c(Cl)c([N+](=O)[O-])c1Nc1ncc(C(F)(F)F)cc1Cl,1,0.3466841
c1ccc2c(c1)OCC(C1=NCCN1)O2,0,0.25258932
CON=C(C(=O)NC1C(=O)N2C(C(=O)O)=C(CSC(=O)c3ccco3)CSC12)c1csc(N)n1,0,0.1322098
O=C(O)CCNC(=O)c1ccc(N=Nc2ccc(O)c(C(=O)O)c2)cc1,0,0.3146352
Cc1scc2c1N(C(=O)CN1CCN(C)CC1)c1ccccc1NC2=O,0,0.20415352
CC(C)C1(C)N=C(c2nc3ccccc3cc2C(=O)O)NC1=O,1,0.40478614
CCc1cnc(C2=NC(C)(C(C)C)C(=O)N2)c(C(=O)O)c1,0,0.23270093
COc1cc2nc(N(C)CCCNC(=O)C3CCCO3)nc(N)c2cc1OC,0,0.18970647
N=C(N)Nc1ccc(C(=O)Oc2ccc3cc(C(=N)N)ccc3c2)cc1,0,0.29562944
CCCCCCCCCCn1cc[n+](C)c1,1,0.6203331
CC(=Cc1ccccc1)C=C1SC(=S)N(CC(=O)O)C1=O,0,0.25142565
CNCCC(Oc1ccccc1C)c1ccccc1,0,0.23113254
CON=C(C(=O)NC1C(=O)N2C(C(=O)O)=C(Cn3nnc(C)n3)CSC12)c1csc(N)n1,0,0.12799296
Cc1ccc(-c2nc3ccc(C)cn3c2CC(=O)N(C)C)cc1,0,0.2683366
Cc1c(COC(=O)C2C(C=C(Cl)C(F)(F)F)C2(C)C)cccc1-c1ccccc1,1,0.46901786
CC(C)NC(C)Cc1ccc(I)cc1,1,0.22529134
CCc1nn(CCCN2CCN(c3cccc(Cl)c3)CC2)c(=O)n1CCOc1ccccc1,1,0.34972897
CCCCOC(=O)C(=O)Nc1cccc(-c2nnn[nH]2)c1,0,0.2760922
O=C(Nc1ccc(F)cc1F)c1cccnc1Oc1cccc(C(F)(F)F)c1,0,0.263357
CCOC(=O)Nc1ccc2c(c1)N(C(=O)CN(C)C)c1ccccc1CC2,0,0.3035351
CC(C)(C)C(O)C(=Cc1ccc(Cl)cc1Cl)n1cncn1,1,0.29596093
Nc1nnc(-c2cccc(Cl)c2Cl)c(N)n1,0,0.28785008
CCCC(CC)CCCCCCCN,0,0.20697527
CCOC(=O)C(CCc1ccccc1)NC1CCc2ccccc2N(CC(=O)O)C1=O,1,0.23534118
O=C(NCC(O)CO)c1c(I)c(C(=O)NCC(O)CO)c(I)c(N(CCO)C(=O)CO)c1I,0,0.19145077
Cc1ccccc1COC1CC2(C(C)C)CCC1(C)O2,0,0.3649892
CCOC(=O)C1C(COCCN)=NC(C)=C(C(=O)OC)C1c1ccccc1Cl,1,0.35951984
CC#CCC(C)C(O)C=CC1C(O)CC2Oc3c(CCCC(=O)O)cccc3C21,0,0.35338497
FC(F)(F)C(=NOCC1OCCO1)c1ccc(Cl)cc1,0,0.3422315
CCC(=O)OC(OP(=O)(CCCCc1ccccc1)CC(=O)N1CC(C2CCCCC2)CC1C(=O)O)C(C)C,0,0.21338421
CCC1(C2=NCCN2)Cc2ccccc2O1,0,0.25983694
COC(=O)C1=C(C)N=C(C)C(C(=O)OCCN2CCN(C(c3ccccc3)c3ccccc3)CC2)C1c1cccc([N+](=O)[O-])c1,1,0.6072928
CCOC(=O)C(CCc1ccccc1)NC(C)C(=O)N1C(=O)N(C)CC1C(=O)O,0,0.23374076
CN1C2CCC1CC(OC(=O)c1c[nH]c3ccccc13)C2,1,0.18954423
CC1(Cn2ccnn2)C(C(=O)O)N2C(=O)CC2S1(=O)=O,1,0.2972431
O=C(NC(Cc1cc(=O)[nH]c2ccccc12)C(=O)O)c1ccc(Cl)cc1,0,0.29107767
CC(C)(C)c1ccc(C(=O)CCCN2CCC(OC(c3ccccc3)c3ccccc3)CC2)cc1,1,0.28626496
CCC(=O)N(c1ccc(F)cc1)C1CCN(CCc2ccccc2)CC1,0,0.22681624
CCCN(CCC)CCc1cccc2c1CC(=O)N2,0,0.21406724
CC(=O)OC(C)OC(=O)C(C)c1ccc(-c2ccccc2)c(F)c1,0,0.44334853
CCC1=C(C)CN(C(=O)NCCc2ccc(S(=O)(=O)NC(=O)NC3CCC(C)CC3)cc2)C1=O,0,0.1804775
COc1ccc(C(=O)N2CCN(CC(=O)N3CCOCC3)CC2)cc1,0,0.22901903
O=C1C(=O)C(C2CCC(c3ccc(Cl)cc3)CC2)C(=O)c2ccccc21,1,0.28950927
CCOC(=O)C1CC(=O)C(C(=O)C2CC2)C(=O)C1,0,0.31304368
CC(O)C1C(=O)N2C(C(=O)O)=C(SC3CNC(C(=O)N(C)C)C3)C(C)C12,0,0.20935284
CCOP(=S)(Oc1cnc(C(C)(C)C)nc1)OC(C)C,0,0.2553462
Nc1nc(C(=CCC(=O)O)C(=O)NC2C(=O)N3C(C(=O)O)=CCSC23)cs1,0,0.1943101
CCc1cc(Cl)c(OC)c(C(=O)NCC2CCCN2CC)c1O,1,0.28199813
O=C(O)c1ccc2[nH]cc(CCCCN3CC=C(c4ccccc4)CC3)c2c1,0,0.27815223
CC1COc2ccccc2N1C(=O)C(Cl)Cl,1,0.24232228
CCN1C=CN(C)C1C,0,0.16120099
Cc1ccn2nc(S(=O)(=O)Nc3c(F)cccc3F)nc2n1,0,0.21017182
OC(CNCC(O)C1CCc2cc(F)ccc2O1)C1CCc2cc(F)ccc2O1,1,0.24964084
CCN(CC)CCNC(=O)c1ccc(NS(C)(=O)=O)cc1,0,0.16566822
N#CC(=C1SCC(c2ccccc2Cl)S1)n1ccnc1,0,0.38890776
N#CC(c1ccc(Cl)cc1)c1c(Cl)cc(-n2ncc(=O)[nH]c2=O)cc1Cl,1,0.33557567
CC(=O)SCC(CC(=O)c1ccc(C)cc1)C(=O)O,0,0.27458173
COc1cc(-c2ccc(=O)[nH]n2)ccc1OC(F)F,0,0.23945405
CC1(C)CCC(C)(C)c2cc(C(=O)Nc3ccc(C(=O)O)cc3)ccc21,1,0.28759968
CCOC(=O)c1nc(C(Cl)(Cl)Cl)n(-c2ccc(Cl)cc2Cl)n1,1,0.28183463
O=C(Nc1cccc2c(=O)cc(-c3nnn[nH]3)oc12)c1ccc(OCCCCc2ccccc2)cc1,0,0.3278996
CN1C(=O)CC(C(=O)NC(Cc2c[nH]cn2)C(=O)N2CCCC2C(N)=O)NC1=O,0,0.19273303
C#CCN1C(=O)COc2cc(F)c(N3C(=O)C4=C(CCCC4)C3=O)cc21,0,0.23976149
NCCNC(=O)c1ccc(Cl)cn1,0,0.24844705
CCCNC1CCc2nc(N)sc2C1,0,0.28050283
COc1ccc2sc(C(=O)Nc3nn[nH]n3)c(OC(C)C)c2c1,1,0.3861116
Cc1nnc2n1-c1sc(CCC(=O)N3CCOCC3)cc1C(c1ccccc1Cl)=NC2,0,0.42928022
O=C1N(c2ccccc2)c2ccccc2C1(Cc1ccncc1)Cc1ccncc1,0,0.28976318
CC(C)c1cccc(C(C)C)c1N1C(=O)c2ccc(O)cc2C1=O,1,0.6570671
C=C1CC2C(CCC3(C)C(=O)CCC23)C2(C)C=CC(=O)C=C12,1,0.43747383
Oc1ccc2[nH]cc(CCCCN3CC=C(c4ccccc4)CC3)c2c1,0,0.55343056
CC1CN(c2cc3c(cc2F)c(=O)c(C(=O)O)cn3-c2ccc(F)cc2F)CCN1,0,0.18095498
Cc1nc(-c2ccc(Cl)cc2)oc1COC(C)(C)C(=O)O,1,0.38753432
COCCCOCCCOC,0,0.14504932
CC(c1cc2ccccc2s1)N(O)C(N)=O,0,0.5192903
OCCOCCN1CCN(C2=Nc3ccccc3Sc3ccccc32)CC1,0,0.5167025
CN1CCc2cc(Cl)c(O)cc2C2c3ccccc3CCC21,0,0.42384514
CC1=C(C)C(=O)C(C(CCCCCC(=O)O)c2ccccc2)=C(C)C1=O,0,0.27623326
O=C(O)Cn1c(=O)n(Cc2ccc(Br)cc2F)c(=O)c2ccc(Cl)cc21,0,0.2541247
COc1c(N2CCNC(C)C2)c(F)cc2c(=O)c(C(=O)O)cn(C3CC3)c12,1,0.19724533
C=C1C(=CC=C2CCCC3(C)C2CCC3C(C)C=CC(O)C2CC2)CC(O)CC1O,1,0.6535981
COC(=O)C(c1ccccc1Cl)N1CCc2sccc2C1,1,0.31442133
COc1ccc2[nH]c([S+]([O-])Cc3ncc(C)c(OC)c3C)nc2n1,0,0.41929924
CN(C)CCC=C1c2ccccc2COc2ccc(CC(=O)O)cc21,0,0.3173448
Nc1ccn(CC(CO)OCP(=O)(O)O)c(=O)n1,1,0.21482204
CCCCCN(C)CCC(O)(P(=O)(O)O)P(=O)(O)O,0,0.15932252
COc1cc2c(cc1O)CCNC21CSC2c3c(OC(C)=O)c(C)c4c(c3C(COC1=O)N1C(O)C3Cc5cc(C)c(OC)c(O)c5C(C21)N3C)OCO4,1,0.7206318
Clc1cccc(C(c2ccc3nc[nH]c3c2)n2ccnc2)c1,1,0.17029907
CNCCC(Oc1cccc2ccccc12)c1cccs1,1,0.31429523
O=C(NC(=O)c1c(F)cccc1F)Nc1ccc(OC(F)(F)C(F)OC(F)(F)F)c(Cl)c1,0,0.3223452
CC(C)NCC(O)COc1ccccc1-n1cccc1,0,0.23113254
CCC(=O)N(c1ccccc1)C1CCN(Cc2cccs2)CC1,0,0.22056274
N#CC(C#N)=Cc1ccc(O)c(O)c1,0,0.31679294
Cc1ccc2c(n1)Oc1ccc(C(C)C(=O)OCC(=O)N(C)C)cc1C2,0,0.25164917
CCC1(O)C(=O)OCc2c1cc1n(c2=O)Cc2cc3c(CN(C)C)c(O)ccc3nc2-1,1,0.3245521
N#Cc1nn(-c2c(Cl)cc(C(F)(F)F)cc2Cl)c(N)c1[S+]([O-])C(F)(F)F,1,0.2464262
O=C(O)COc1ccc(CCNS(=O)(=O)c2ccccc2)s1,0,0.24022348
CCOC(=O)COc1ccc2c(c1)CC(NCC(O)c1cccc(Cl)c1)CC2,0,0.2791482
O=C1CCC(C(=O)N2CSCC2C(=O)O)N1,0,0.1555845
CCOCn1c(-c2ccc(Cl)cc2)c(C#N)c(Br)c1C(F)(F)F,1,0.4777874
COc1cc(OC)nc(Sc2cccc(Cl)c2C(=O)O)n1,0,0.2722114
O=C1CC2(CCCC2)CC(=O)N1CCNCC1COc2ccccc2O1,1,0.2999627
CC(C)C(N)C(=O)OCCOCn1cnc2c(=O)[nH]c(N)nc21,0,0.123184815
CC1COc2c(C3(N)CC3)c(F)cc3c(=O)c(C(=O)O)cn1c23,0,0.3119797
CNC1CCCN(c2c(F)cc3c(=O)c(C(=O)O)cn(C4CC4)c3c2OC)C1,0,0.19914338
CC(C)(C)C(=O)Oc1ccc(S(=O)(=O)Nc2ccccc2C(=O)NCC(=O)O)cc1,0,0.2748362
Cc1[nH]cnc1CC1CCc2c(C)c3ccccc3n2C1=O,1,0.095076814
CCN(CC)C(=O)C(C#N)=Cc1cc(O)c(O)c([N+](=O)[O-])c1,0,0.32999316
CC1(c2ccc(Oc3ccccc3)cc2)OC(=O)N(Nc2ccccc2)C1=O,1,0.46777812
Cn1cc(C(=O)C2CCc3[nH]cnc3C2)c2ccccc21,0,0.14067201
CCN1CCN(c2cc(-c3ccc(F)cc3)c3c(n2)CCCCCC3)CC1,0,0.32970843
Nc1ccn(C2CSC(CO)O2)c(=O)n1,0,0.23226286
CC(C)Nc1cccnc1N1CCN(C(=O)c2cc3cc(NS(C)(=O)=O)ccc3[nH]2)CC1,0,0.28075033
CCc1cccc(N(C)C(=N)Nc2cccc3ccccc23)c1,0,0.48001677
CCCc1nn(C)c2c(=O)[nH]c(-c3cc(S(=O)(=O)N4CCN(C)CC4)ccc3OCC)nc12,0,0.24280265
Cc1ccc(C(C)NC(=O)C(NC(=O)OC(C)C)C(C)C)cc1,0,0.23721954
CCCCc1oc2ccc(NS(C)(=O)=O)cc2c1C(=O)c1ccc(OCCCN(CCCC)CCCC)cc1,1,0.44703043
C=C1C(CO)C(O)CC1n1cnc2c(=O)[nH]c(N)nc21,0,0.20354937
CC(C)N(C(=O)COc1nnc(C(F)(F)F)s1)c1ccc(F)cc1,0,0.35804427
COCc1c(C(C)C)nc(C(C)C)c(C=CC(O)CC(O)CC(=O)O)c1-c1ccc(F)cc1,1,0.33137348
COc1ccc(CNCC(O)COc2ccc3[nH]c(=O)ccc3c2)cc1OC,0,0.25859687
CON=C(C(=O)OC)c1ccccc1COc1ccccc1C,1,0.23590112
Nc1nc(=O)n(C2CSC(CO)O2)cc1F,0,0.18125328
COC(=O)N(C(=O)N1COC2(C(=O)OC)Cc3cc(Cl)ccc3C2=N1)c1ccc(OC(F)(F)F)cc1,1,0.46244693
Cc1nc2n(c(=O)c1CCN1CCC(c3noc4cc(F)ccc34)CC1)CCCC2O,0,0.22776793
CCCOc1nn(C(=O)NS(=O)(=O)c2ccccc2C(=O)OC)c(=O)n1C,0,0.40610206
COc1nn(C(=O)NS(=O)(=O)c2ccccc2OC(F)(F)F)c(=O)n1C,0,0.46490026
COc1cc(OC)nc(NC(=O)NS(=O)(=O)c2ncccc2OCC(F)(F)F)n1,0,0.26050895
COc1ccc(OC(F)(F)F)cc1CNC1CCCNC1c1ccccc1,1,0.3775264
Nc1ccn(C2COC(CO)O2)c(=O)n1,0,0.22998427
C#CCC(Cc1cnc2nc(N)nc(N)c2n1)c1ccc(C(=O)NC(CCC(=O)O)C(=O)O)cc1,0,0.30229655
O=C(O)CC(O)CC(O)C=Cc1c(C2CC2)nc2ccccc2c1-c1ccc(F)cc1,0,0.30316135
CCCCCCOc1cc(C)c(O)c(C)c1C,0,0.41211367
O=C(CCCCCCC(=O)Nc1ccccc1)NO,1,0.34980324
CC(C)(C)NC(=O)C1CN(Cc2cccnc2)CCN1CC(O)CC(Cc1ccccc1)C(=O)NC1c2ccccc2CC1O,1,0.29922247
CCCCS(=O)(=O)NC(Cc1ccc(OCCCCC2CCNCC2)cc1)C(=O)O,0,0.22880799
Clc1ccc(C2CC3CCC2N3)cn1,0,0.27466366
COc1ccc(C2(C#N)CCC(C(=O)O)CC2)cc1OC1CCCC1,0,0.26571414
CC(C)(C(=O)O)c1ccc(C(O)CCCN2CCC(C(O)(c3ccccc3)c3ccccc3)CC2)cc1,0,0.30453283
CC(C)c1nc(CN(C)C(=O)NC(C(=O)NC(Cc2ccccc2)CC(O)C(Cc2ccccc2)NC(=O)OCc2cncs2)C(C)C)cs1,1,0.3545944
COc1cccc(C(=O)NN(C(=O)c2cc(C)cc(C)c2)C(C)(C)C)c1C,0,0.28721058
CCOC(=O)C1=NOC(c2ccccc2)(c2ccccc2)C1,0,0.25983694
COC1CC(OC2C(C)=CCC3CC(CC4(CCC(C)C(C5CCCCC5)O4)O3)OC(=O)C3C=C(C)C(N=O)C4OCC(=CC=CC2C)C34O)OC(C)C1O,0,0.7068213
CNC(=N[N+](=O)[O-])NCC1CCOC1,0,0.20999318
COc1ccc(-c2cc(C(F)F)nn2-c2ccc(S(N)(=O)=O)cc2)cc1F,0,0.30589032
CCn1cc[n+](C)c1C,0,0.23718293
CON=C1CN(c2nc3c(cc2F)c(=O)c(C(=O)O)cn3C2CC2)CC1CN,0,0.17146774
CCC(C)C(C(=O)O)n1sc2ccccc2c1=O,0,0.4235362
O=C(O)Cc1ccc(OCCNCC(O)c2ccccc2)cc1,0,0.22233601
NC(=O)N(O)C1C=CC(Oc2cccc(Oc3ccc(F)cc3)c2)C1,0,0.29864067
O=P(O)(O)C(O)(Cc1cnc2ccccn12)P(=O)(O)O,0,0.24317777
COc1cc2ncnc(Nc3ccc(F)c(Cl)c3)c2cc1OCCCN1CCOCC1,1,0.45464927
CC(=O)c1ccc2c(c1)C(NC(=O)c1ccc(F)cc1)C(O)C(C)(C)O2,0,0.29606006
O=C(NC(Cc1ccccc1)C(O)C(=O)N1CC(O)C(O)C1)c1cc2cc(Cl)ccc2[nH]1,1,0.31431264
N#CC(=C1SCC(c2ccc(Cl)cc2Cl)S1)n1ccnc1,1,0.34377477
Nc1cccc2c1CN(C1CCC(=O)NC1=O)C2=O,0,0.3043449
CNCc1ccc(NC(=O)c2c[nH]c3c2C(=O)CCC3)cc1,0,0.19967455
NC(=O)COCCN1CCN(C(c2ccccc2)c2ccc(Cl)cc2)CC1,0,0.4361811
CCOC(=O)OC1=C(c2cc(C)ccc2C)C(=O)NC12CCC(OC)CC2,0,0.307018
CN(CC(CC[N+]12CCC(C3CCCCC3)(CC1)CC2)c1ccc(Cl)c(Cl)c1)C(=O)c1cc(C(F)(F)F)cc(C(F)(F)F)c1,1,0.3850547
Cc1cc(C)c(C=C2C(=O)Nc3ccccc32)[nH]1,1,0.33995524
CC(C)CN(CC(O)C(Cc1ccccc1)NC(=O)OC1COC2OCCC12)S(=O)(=O)c1ccc(N)cc1,0,0.23536557
COC(=O)C12CCC(C)(C)CC1C1C(=O)C=C3C4(C)C=C(C#N)C(=O)C(C)(C)C4CCC3(C)C1(C)CC2,1,0.25668278
OCC(CO)n1cnc(-c2ccc(F)cc2)c1-c1ccnc(Oc2ccccc2)n1,0,0.39770076
CCOc1ccc2c(n1)C(=O)C(C(=O)NCc1ccccc1)C=N2,0,0.21168284
CCC1Cc2cc(O)ccc2C2=C1c1ccc(O)cc1CC2CC,1,0.58853126
CCCc1nc(C)c2c(=O)nc(-c3cc(S(=O)(=O)N4CCN(CC)CC4)ccc3OCC)[nH]n12,0,0.23086548
CC(C)CN(CC(OP(=O)(O)O)C(Cc1ccccc1)NC(=O)OC1CCOC1)S(=O)(=O)c1ccc(N)cc1,0,0.24716786
O=c1[nH]c2ccc([S+]([O-])CCN3CCC(Cc4ccc(F)cc4)CC3)cc2o1,0,0.27353418
CCCCCCCCCCCCCC[P+](CCCCCC)(CCCCCC)CCCCCC,1,0.30304548
CN(C)C(=O)NC1(c2ccccc2)CCN(CCCC2(c3ccc(Cl)c(Cl)c3)CCCN(C(=O)c3ccccc3)C2)CC1,0,0.39433002
C=CC(=O)Nc1cc2c(Nc3ccc(F)c(Cl)c3)ncnc2cc1OCCCN1CCOCC1,1,0.4682163
CCc1c(C(=O)NN2CCCCC2)nn(-c2ccc(Cl)cc2Cl)c1-c1ccc(Br)cc1,1,0.4283481
CNC1CCC(c2ccc(Cl)c(Cl)c2)c2ccc(S(N)(=O)=O)cc21,1,0.26085904
O=C(Oc1ccc(Br)cc1)N1CCN2CCC1CC2,0,0.2867072
CCn1nc(Cc2ccccc2)cc1C1CCN(CC2CC(N(C)C(C(=O)O)C(C)C)CC2c2cccc(F)c2)CC1,0,0.2661416
CS(=O)(=O)c1ccc(C(=O)C2C(=O)CCCC2=O)c(Cl)c1COCC(F)(F)F,0,0.247123
COc1cc(C(C)C)c2c(c1)S(=O)(=O)N(COc1cc(=O)n3cccc(OCCN4CCCCC4)c3n1)C2=O,0,0.34419325
CCn1nc(C)c2c1C(=O)NCC(c1ccc(O)cc1)=N2,0,0.68221724
Cc1ccc(Nc2nccc(N(C)c3ccc4c(C)n(C)nc4c3)n2)cc1S(N)(=O)=O,1,0.28318104
CS(=O)(=O)c1ccc(C(CC2CCCC2)C(=O)Nc2cnccn2)cc1Cl,1,0.2284691
COCC(c1ccc(C(F)(F)F)cc1)N1CCN(C2(C)CCN(C(=O)c3c(C)ncnc3C)CC2)CC1C,0,0.36275154
CC1CNCCc2ccc(Cl)cc21,0,0.266182
CN1C(=O)N(c2ccccc2Br)Cc2cnc(Nc3ccc4c(c3)OCC(CO)O4)nc21,1,0.32518846
Cc1cc(F)ccc1-c1cc(N2CCC(O)C2CO)ncc1N(C)C(=O)C(C)(C)c1cc(C(F)(F)F)cc(C(F)(F)F)c1,1,0.37213796
O=C(O)c1ccccc1-n1cc(C(=O)O)c(=O)c2cc(Nc3c(F)cc(F)cc3Cl)c(Cl)cc21,0,0.19548522
Cc1cc(Nc2ccccc2C(=O)O)ccc1Cl,1,0.29045764
CCOc1cccc(-n2cc(C(=O)N3CCN(c4cc(C(=O)O)c5ccccc5c4)CC3)nc2-c2ccc(C)cc2)c1,1,0.47200677
CCC(c1ccc(O)c(C)c1)C(CC)c1ccc(O)c(C)c1,1,0.22891429
O=C(O)C(=O)Cc1ccc(O)cc1,0,0.51135474
c1ccc2c(c1)Cc1c-2ccc2ccccc12,0,0.42601228
COc1cc2c(cc1O)CCC1C2CCC2(C)C(=O)CCC12,1,0.7745484
CNC(C)Cc1ccc(O)cc1,0,0.24113582
CC12CCC3c4ccc(O)cc4CCC3C1CC(O)C2=O,1,0.8922516
O=C1C(=O)C(c2ccccc2)Oc2ccccc21,0,0.27347046
Cc1cc(C2(c3ccc(O)c(C)c3)OC(=O)c3ccccc32)ccc1O,1,0.5428096
CN(C)c1ccc(C(c2ccc(N(C)C)cc2)c2ccc(N(C)C)cc2)cc1,0,0.3618789
c1ccc(CCCc2ccccc2)cc1,1,0.3396095
NC(Cc1ccc(Oc2ccc(O)cc2)cc1)C(=O)O,0,0.24430816
CCCCCCCCCCCCOC(=O)c1ccccc1C(=O)OCCCCCCCCCCCC,0,0.30351597
C=C(C)C(=O)OCCOc1ccc(C(C)(C)c2ccc(OCCOC(=O)C(=C)C)cc2)cc1,1,0.503297
Clc1cc(-c2ccccc2)c(Cl)c(Cl)c1Cl,1,0.6617028
Clc1cc(Cl)c(Cl)c(-c2ccccc2)c1Cl,1,0.7831663
Clc1ccc(Cl)c(-c2ccccc2)c1,1,0.54752415
Clc1cccc(-c2cc(Cl)ccc2Cl)c1,1,0.48723346
COc1ccc(C(Cl)(c2ccccc2)c2ccc(OC)cc2)cc1,0,0.3743475
CC(C)OC(=O)C(C(=O)OC(C)C)=C1SCCS1,1,0.17493539
Clc1ccccc1-c1c(Cl)ccc(Cl)c1Cl,1,0.6138618
Clc1ccc(-c2c(Cl)cc(Cl)c(Cl)c2Cl)cc1,1,0.7712581
CC(C)(NC(=O)C(Br)C(C)(C)C)c1ccccc1,1,0.28128877
CN(C)c1ccc(C2CC3(C)C(CCC3(O)CCCO)C3CCC4=CC(=O)CCC4=C23)cc1,1,0.69123226
CCC(CO)Nc1nc(NCc2ccccc2)c2ncn(C(C)C)c2n1,1,0.30470026
OC(c1ccccc1)c1ccc(Cl)cc1,0,0.2809368
Fc1ccc(-c2ccc(F)cc2)cc1,0,0.3563871
CCOC(=O)c1ccc(F)cc1,0,0.21406724
CCCCCCCCCCCCCCCc1cccc(O)c1,0,0.4849713
c1ccc(-c2ccc3ccccc3n2)cc1,0,0.42174214
COc1ccc(-c2ccccc2)cc1,0,0.3673722
CCC(=O)c1ccc(O)cc1O,1,0.52962923
CCOC(=O)c1cccc(O)c1,0,0.29978484
Oc1ccc2ncccc2c1,0,0.59657997
Nc1cccc(C(=O)c2cccc(N)c2)c1,0,0.2487495
CC(=Cc1ccccc1)c1ccccc1,0,0.23629376
Cc1cc(-c2cc(C)c(O)c(C)c2)cc(C)c1O,1,0.44819856
CCOC(=O)c1c(C)cc(O)cc1O,1,0.26705804
